FIPS_Code,Civilian_labor_force_2020,Employed_2020,Unemployed_2020
1000,"2,230,118","2,099,062","131,056"
1001,"25,838","24,576","1,262"
1003,"96,763","91,338","5,425"
1005,"8,587","7,982",605
1007,"8,640","8,067",573
1009,"24,661","23,653","1,008"
1011,"4,818","4,553",265
1013,"9,056","8,255",801
1015,"46,240","42,980","3,260"
1017,"15,865","14,787","1,078"
1019,"11,513","10,983",530
1021,"19,592","18,618",974
1023,"4,621","4,313",308
1025,"7,769","7,069",700
1027,"6,083","5,838",245
1029,"5,737","5,475",262
1031,"21,502","20,558",944
1033,"23,558","22,008","1,550"
1035,"4,529","4,198",331
1037,"4,392","4,150",242
1039,"15,172","14,434",738
1041,"6,253","5,896",357
1043,"38,310","36,660","1,650"
1045,"20,710","19,701","1,009"
1047,"14,619","13,049","1,570"
1049,"30,736","29,348","1,388"
1051,"36,620","34,843","1,777"
1053,"14,453","13,589",864
1055,"40,724","37,598","3,126"
1057,"6,562","6,236",326
1059,"14,424","13,786",638
1061,"10,835","10,391",444
1063,"3,015","2,687",328
1065,"6,075","5,503",572
1067,"6,814","6,487",327
1069,"46,358","43,861","2,497"
1071,"22,840","21,637","1,203"
1073,"315,957","296,282","19,675"
1075,"5,730","5,452",278
1077,"41,931","39,610","2,321"
1079,"14,363","13,660",703
1081,"75,564","71,629","3,935"
1083,"44,624","42,724","1,900"
1085,"3,661","3,173",488
1087,"8,063","7,290",773
1089,"187,247","178,579","8,668"
1091,"7,766","7,281",485
1093,"13,034","12,373",661
1095,"44,275","42,430","1,845"
1097,"190,882","175,761","15,121"
1099,"7,474","6,864",610
1101,"107,103","98,735","8,368"
1103,"58,899","56,265","2,634"
1105,"3,437","3,064",373
1107,"7,660","7,161",499
1109,"15,636","14,864",772
1111,"9,414","8,967",447
1113,"23,500","22,290","1,210"
1115,"40,132","38,146","1,986"
1117,"114,048","109,646","4,402"
1119,"4,745","4,414",331
1121,"36,123","33,591","2,532"
1123,"17,864","16,625","1,239"
1125,"102,222","95,473","6,749"
1127,"24,877","23,431","1,446"
1129,"6,729","6,190",539
1131,"2,871","2,448",423
1133,"10,017","9,542",475
2000,"347,414","320,219","27,195"
2013,"2,523","2,423",100
2016,"3,732","3,563",169
2020,"148,392","137,421","10,971"
2050,"6,963","6,158",805
2060,417,386,31
2068,680,573,107
2070,"1,742","1,599",143
2090,"44,679","41,838","2,841"
2100,"1,018",859,159
2105,"1,050",908,142
2110,"16,374","15,293","1,081"
2122,"26,341","23,948","2,393"
2130,"6,520","5,893",627
2150,"6,090","5,710",380
2158,"2,299","1,854",445
2164,689,624,65
2170,"47,848","43,858","3,990"
2180,"3,927","3,516",411
2185,"3,200","3,011",189
2188,"2,942","2,590",352
2195,"1,415","1,292",123
2198,"2,828","2,568",260
2201,,,
2220,"4,132","3,847",285
2230,606,476,130
2232,,,
2240,"2,934","2,717",217
2261,"4,522","4,127",395
2275,984,901,83
2280,,,
2282,260,238,22
2290,"2,308","2,028",280
4000,"3,570,220","3,288,150","282,070"
4001,"20,195","17,614","2,581"
4003,"51,995","48,368","3,627"
4005,"75,280","67,985","7,295"
4007,"21,008","19,387","1,621"
4009,"15,919","14,911","1,008"
4011,"4,454","4,210",244
4012,"8,979","8,343",636
4013,"2,331,628","2,159,267","172,361"
4015,"88,743","79,889","8,854"
4017,"40,419","36,322","4,097"
4019,"495,991","457,683","38,308"
4021,"191,074","176,674","14,400"
4023,"19,429","17,209","2,220"
4025,"106,985","98,978","8,007"
4027,"98,120","81,310","16,810"
5000,"1,354,296","1,272,344","81,952"
5001,"9,422","9,044",378
5003,"7,186","6,518",668
5005,"16,528","15,547",981
5007,"140,015","133,784","6,231"
5009,"15,764","14,934",830
5011,"4,386","4,130",256
5013,"2,426","2,301",125
5015,"12,709","11,989",720
5017,"3,250","2,914",336
5019,"9,314","8,765",549
5021,"5,519","5,186",333
5023,"9,157","8,460",697
5025,"3,203","3,008",195
5027,"9,053","8,433",620
5029,"8,392","7,888",504
5031,"55,775","52,803","2,972"
5033,"26,436","24,998","1,438"
5035,"21,209","19,459","1,750"
5037,"7,291","6,847",444
5039,"2,832","2,681",151
5041,"5,321","4,948",373
5043,"7,730","7,196",534
5045,"61,682","58,321","3,361"
5047,"7,478","7,059",419
5049,"4,924","4,671",253
5051,"41,347","38,052","3,295"
5053,"8,222","7,796",426
5055,"19,450","18,292","1,158"
5057,"9,593","9,094",499
5059,"14,100","13,285",815
5061,"5,533","5,257",276
5063,"16,670","15,711",959
5065,"4,640","4,249",391
5067,"5,863","5,444",419
5069,"27,398","25,194","2,204"
5071,"10,120","9,482",638
5073,"2,421","2,236",185
5075,"6,786","6,369",417
5077,"2,805","2,595",210
5079,"3,834","3,605",229
5081,"5,385","5,038",347
5083,"8,656","8,081",575
5085,"33,550","31,692","1,858"
5087,"7,413","7,126",287
5089,"6,251","5,848",403
5091,"19,379","18,047","1,332"
5093,"17,264","15,705","1,559"
5095,"2,721","2,539",182
5097,"2,981","2,778",203
5099,"3,550","3,342",208
5101,"3,246","3,084",162
5103,"9,821","9,229",592
5105,"4,188","3,956",232
5107,"6,402","5,822",580
5109,"4,272","4,020",252
5111,"9,919","9,374",545
5113,"8,013","7,482",531
5115,"27,775","26,138","1,637"
5117,"3,608","3,415",193
5119,"188,928","174,884","14,044"
5121,"7,444","7,005",439
5123,"8,028","7,394",634
5125,"58,181","55,241","2,940"
5127,"4,354","4,159",195
5129,"2,885","2,701",184
5131,"56,158","52,803","3,355"
5133,"5,524","5,202",322
5135,"5,717","5,309",408
5137,"4,618","4,290",328
5139,"15,622","14,325","1,297"
5141,"5,758","5,349",409
5143,"126,141","120,346","5,795"
5145,"33,972","31,855","2,117"
5147,"2,794","2,631",163
5149,"7,997","7,592",405
6000,"18,821,167","16,913,078","1,908,089"
6001,"813,807","742,411","71,396"
6003,517,459,58
6005,"14,424","13,107","1,317"
6007,"92,604","84,095","8,509"
6009,"21,207","19,588","1,619"
6011,"10,499","8,824","1,675"
6013,"541,256","493,236","48,020"
6015,"9,350","8,466",884
6017,"90,752","83,262","7,490"
6019,"445,518","395,258","50,260"
6021,"12,568","11,455","1,113"
6023,"59,411","54,446","4,965"
6025,"69,602","53,949","15,653"
6027,"8,305","7,658",647
6029,"383,769","335,707","48,062"
6031,"56,416","49,883","6,533"
6033,"28,267","25,567","2,700"
6035,"9,461","8,785",676
6037,"4,921,499","4,291,688","629,811"
6039,"61,738","55,089","6,649"
6041,"130,138","121,476","8,662"
6043,"7,162","6,381",781
6045,"37,015","33,723","3,292"
6047,"114,736","100,755","13,981"
6049,"3,170","2,900",270
6051,"7,846","6,917",929
6053,"213,471","190,389","23,082"
6055,"68,867","62,853","6,014"
6057,"46,489","42,787","3,702"
6059,"1,553,301","1,416,738","136,563"
6061,"184,892","171,319","13,573"
6063,"7,559","6,753",806
6065,"1,107,723","997,725","109,998"
6067,"707,182","641,624","65,558"
6069,"31,528","28,409","3,119"
6071,"966,206","874,911","91,295"
6073,"1,538,361","1,396,547","141,814"
6075,"556,056","512,531","43,525"
6077,"331,828","294,454","37,374"
6079,"132,690","122,495","10,195"
6081,"433,876","404,128","29,748"
6083,"217,510","200,175","17,335"
6085,"1,020,693","949,353","71,340"
6087,"133,646","120,932","12,714"
6089,"72,827","66,484","6,343"
6091,"1,282","1,179",103
6093,"16,923","15,286","1,637"
6095,"202,812","183,607","19,205"
6097,"245,091","225,791","19,300"
6099,"240,641","214,885","25,756"
6101,"45,467","40,472","4,995"
6103,"25,579","23,317","2,262"
6105,"4,515","4,155",360
6107,"199,151","172,852","26,299"
6109,"20,038","17,954","2,084"
6111,"408,867","373,903","34,964"
6113,"105,026","97,111","7,915"
6115,"30,042","26,879","3,163"
8000,"3,122,237","2,895,473","226,764"
8001,"274,498","252,469","22,029"
8003,"8,403","7,868",535
8005,"366,768","337,943","28,825"
8007,"7,123","6,585",538
8009,"2,132","2,082",50
8011,"1,828","1,748",80
8013,"192,879","180,992","11,887"
8014,"40,226","37,556","2,670"
8015,"9,741","9,126",615
8017,"1,103","1,076",27
8019,"6,151","5,628",523
8021,"4,071","3,844",227
8023,"1,823","1,691",132
8025,"1,528","1,445",83
8027,"2,087","1,982",105
8029,"14,340","13,400",940
8031,"423,824","388,924","34,900"
8033,"1,137","1,059",78
8035,"194,649","183,412","11,237"
8037,"35,708","32,319","3,389"
8039,"14,961","14,264",697
8041,"344,120","319,084","25,036"
8043,"15,393","14,203","1,190"
8045,"31,762","29,606","2,156"
8047,"4,016","3,562",454
8049,"9,364","8,576",788
8051,"11,347","10,596",751
8053,426,408,18
8055,"2,644","2,395",249
8057,940,900,40
8059,"333,682","310,057","23,625"
8061,956,934,22
8063,"4,249","4,130",119
8065,"4,853","4,454",399
8067,"31,366","29,219","2,147"
8069,"203,683","190,842","12,841"
8071,"6,497","6,014",483
8073,"2,375","2,269",106
8075,"11,017","10,495",522
8077,"75,551","69,917","5,634"
8079,469,442,27
8081,"7,285","6,849",436
8083,"12,703","11,795",908
8085,"21,639","20,208","1,431"
8087,"16,125","15,254",871
8089,"8,228","7,720",508
8091,"2,493","2,292",201
8093,"11,114","10,480",634
8095,"2,467","2,401",66
8097,"11,253","10,077","1,176"
8099,"6,213","5,937",276
8101,"77,355","71,037","6,318"
8103,"2,949","2,789",160
8105,"5,453","5,068",385
8107,"16,206","14,929","1,277"
8109,"3,438","3,196",242
8111,509,475,34
8113,"5,410","4,818",592
8115,"1,166","1,126",40
8117,"22,402","20,204","2,198"
8119,"12,984","12,016",968
8121,"2,895","2,804",91
8123,"166,666","155,042","11,624"
8125,"5,604","5,445",159
9000,"1,872,631","1,724,621","148,010"
9001,"466,208","429,164","37,044"
9003,"476,115","437,433","38,682"
9005,"102,109","95,102","7,007"
9007,"92,221","86,211","6,010"
9009,"457,171","420,669","36,502"
9011,"131,992","119,313","12,679"
9013,"84,598","79,362","5,236"
9015,"62,218","57,369","4,849"
10000,"484,358","446,458","37,900"
10001,"79,715","72,843","6,872"
10003,"298,640","275,601","23,039"
10005,"106,004","98,014","7,990"
11000,"409,734","376,839","32,895"
11001,"409,734","376,839","32,895"
12000,"10,114,329","9,332,838","781,491"
12001,"134,931","127,696","7,235"
12003,"11,759","11,179",580
12005,"82,763","77,746","5,017"
12007,"10,791","10,150",641
12009,"281,591","262,867","18,724"
12011,"1,020,586","930,297","90,289"
12013,"4,754","4,508",246
12015,"71,182","65,968","5,214"
12017,"46,500","42,582","3,918"
12019,"105,658","100,004","5,654"
12021,"177,497","165,287","12,210"
12023,"29,566","27,840","1,726"
12027,"14,356","13,615",741
12029,"5,886","5,565",321
12031,"485,114","452,481","32,633"
12033,"144,779","135,108","9,671"
12035,"46,636","43,083","3,553"
12037,"4,681","4,429",252
12039,"18,421","17,176","1,245"
12041,"7,028","6,683",345
12043,"5,192","4,903",289
12045,"5,022","4,724",298
12047,"4,199","3,880",319
12049,"8,466","7,915",551
12051,"15,589","14,332","1,257"
12053,"71,534","65,765","5,769"
12055,"34,641","31,967","2,674"
12057,"754,552","700,764","53,788"
12059,"6,850","6,472",378
12061,"64,233","59,482","4,751"
12063,"17,231","16,298",933
12065,"5,347","5,049",298
12067,"2,781","2,664",117
12069,"154,028","140,383","13,645"
12071,"345,417","320,161","25,256"
12073,"150,626","141,883","8,743"
12075,"16,569","15,568","1,001"
12077,"2,598","2,473",125
12079,"7,599","7,140",459
12081,"176,496","164,571","11,925"
12083,"138,469","128,709","9,760"
12085,"72,180","67,796","4,384"
12086,"1,291,854","1,188,173","103,681"
12087,"44,755","41,223","3,532"
12089,"41,338","38,991","2,347"
12091,"96,010","90,729","5,281"
12093,"17,138","16,217",921
12095,"737,546","659,050","78,496"
12097,"185,793","160,638","25,155"
12099,"717,379","662,945","54,434"
12101,"238,327","221,185","17,142"
12103,"484,330","450,266","34,064"
12105,"316,626","287,979","28,647"
12107,"26,470","24,378","2,092"
12109,"133,843","126,772","7,071"
12111,"145,363","134,060","11,303"
12113,"82,647","78,348","4,299"
12115,"184,464","171,875","12,589"
12117,"237,769","220,602","17,167"
12119,"32,225","29,691","2,534"
12121,"17,758","16,758","1,000"
12123,"8,169","7,659",510
12125,"4,552","4,336",216
12127,"249,560","230,585","18,975"
12129,"14,885","14,216",669
12131,"31,957","30,070","1,887"
12133,"9,478","8,929",549
13000,"5,072,155","4,741,191","330,964"
13001,"9,105","8,674",431
13003,"4,434","4,262",172
13005,"4,652","4,425",227
13007,"1,145","1,076",69
13009,"17,607","16,388","1,219"
13011,"9,778","9,359",419
13013,"40,112","38,057","2,055"
13015,"49,719","46,612","3,107"
13017,"5,460","5,083",377
13019,"7,405","6,977",428
13021,"67,421","62,371","5,050"
13023,"4,501","4,209",292
13025,"6,995","6,618",377
13027,"6,842","6,488",354
13029,"18,718","17,732",986
13031,"37,020","34,601","2,419"
13033,"9,026","8,379",647
13035,"10,739","10,075",664
13037,"2,237","2,124",113
13039,"21,089","20,092",997
13043,"5,633","5,383",250
13045,"54,475","51,009","3,466"
13047,"32,611","31,194","1,417"
13049,"4,842","4,660",182
13051,"140,631","129,918","10,713"
13053,"1,988","1,864",124
13055,"9,767","8,947",820
13057,"133,045","126,581","6,464"
13059,"58,206","54,453","3,753"
13061,896,785,111
13063,"139,790","125,357","14,433"
13065,"2,943","2,826",117
13067,"414,357","389,904","24,453"
13069,"18,938","17,835","1,103"
13071,"21,917","20,938",979
13073,"74,411","71,266","3,145"
13075,"8,102","7,718",384
13077,"73,981","69,397","4,584"
13079,"5,488","5,211",277
13081,"9,515","8,767",748
13083,"7,860","7,538",322
13085,"12,319","11,735",584
13087,"11,304","10,763",541
13089,"395,683","364,209","31,474"
13091,"6,957","6,542",415
13093,"4,925","4,547",378
13095,"37,712","34,469","3,243"
13097,"72,297","66,930","5,367"
13099,"4,424","4,168",256
13101,"1,899","1,825",74
13103,"31,400","29,827","1,573"
13105,"7,969","7,418",551
13107,"8,518","7,915",603
13109,"5,002","4,745",257
13111,"11,066","10,542",524
13113,"56,444","53,389","3,055"
13115,"43,234","40,522","2,712"
13117,"120,904","115,371","5,533"
13119,"9,892","9,308",584
13121,"557,232","512,593","44,639"
13123,"11,963","11,401",562
13125,"1,244","1,193",51
13127,"38,215","35,610","2,605"
13129,"28,062","26,531","1,531"
13131,"10,601","10,139",462
13133,"7,080","6,663",417
13135,"481,453","450,909","30,544"
13137,"18,691","17,675","1,016"
13139,"101,949","97,133","4,816"
13141,"2,532","2,309",223
13143,"12,245","11,525",720
13145,"16,527","15,763",764
13147,"11,373","10,757",616
13149,"5,132","4,798",334
13151,"115,352","106,831","8,521"
13153,"70,418","66,769","3,649"
13155,"3,467","3,276",191
13157,"39,648","37,910","1,738"
13159,"6,756","6,422",334
13161,"6,099","5,785",314
13163,"6,658","6,209",449
13165,"3,178","2,978",200
13167,"4,006","3,808",198
13169,"13,346","12,737",609
13171,"7,980","7,476",504
13173,"3,723","3,529",194
13175,"19,367","18,075","1,292"
13177,"14,763","14,081",682
13179,"25,741","24,140","1,601"
13181,"3,497","3,307",190
13183,"8,139","7,782",357
13185,"51,599","48,484","3,115"
13187,"16,463","15,671",792
13189,"8,695","8,016",679
13191,"5,949","5,609",340
13193,"4,614","4,303",311
13195,"12,972","12,302",670
13197,"3,192","3,029",163
13199,"8,816","8,061",755
13201,"2,772","2,660",112
13205,"8,289","7,751",538
13207,"12,700","12,050",650
13209,"3,891","3,681",210
13211,"9,142","8,645",497
13213,"15,350","14,191","1,159"
13215,"77,258","71,209","6,049"
13217,"51,901","48,202","3,699"
13219,"19,208","18,487",721
13221,"6,791","6,464",327
13223,"85,313","80,718","4,595"
13225,"11,814","11,084",730
13227,"14,927","14,210",717
13229,"8,500","8,115",385
13231,"8,705","8,273",432
13233,"18,292","17,200","1,092"
13235,"3,976","3,797",179
13237,"8,210","7,671",539
13239,800,748,52
13241,"7,215","6,831",384
13243,"2,490","2,343",147
13245,"85,112","78,649","6,463"
13247,"43,989","40,657","3,332"
13249,"2,145","2,052",93
13251,"5,047","4,635",412
13253,"3,093","2,938",155
13255,"28,305","26,156","2,149"
13257,"10,414","9,745",669
13259,"2,509","2,367",142
13261,"12,525","11,601",924
13263,"2,757","2,568",189
13265,530,492,38
13267,"9,651","9,237",414
13269,"2,746","2,563",183
13271,"3,782","3,408",374
13273,"3,497","3,235",262
13275,"16,930","15,874","1,056"
13277,"20,500","19,463","1,037"
13279,"12,081","11,287",794
13281,"3,841","3,585",256
13283,"2,710","2,547",163
13285,"37,448","34,727","2,721"
13287,"3,264","3,028",236
13289,"2,790","2,583",207
13291,"10,464","10,006",458
13293,"11,328","10,578",750
13295,"30,601","29,106","1,495"
13297,"44,917","42,476","2,441"
13299,"15,284","14,432",852
13301,"2,635","2,456",179
13303,"6,931","6,486",445
13305,"11,540","10,894",646
13307,"1,008",951,57
13309,"1,608","1,492",116
13311,"16,197","15,491",706
13313,"43,275","40,137","3,138"
13315,"2,737","2,581",156
13317,"3,712","3,464",248
13319,"3,790","3,587",203
13321,"8,844","8,369",475
15000,"648,191","572,796","75,395"
15001,"89,119","78,986","10,133"
15003,"440,915","396,136","44,779"
15007,"35,337","29,618","5,719"
15009,"82,820","68,056","14,764"
16000,"892,151","844,365","47,786"
16001,"257,677","243,784","13,893"
16003,"1,758","1,594",164
16005,"42,560","40,495","2,065"
16007,"3,075","2,946",129
16009,"4,140","3,830",310
16011,"23,776","22,860",916
16013,"12,666","11,679",987
16015,"3,609","3,321",288
16017,"21,119","19,527","1,592"
16019,"58,136","55,789","2,347"
16021,"5,502","5,163",339
16023,"1,393","1,343",50
16025,684,651,33
16027,"105,981","99,763","6,218"
16029,"4,110","3,962",148
16031,"12,384","11,930",454
16033,378,363,15
16035,"3,021","2,772",249
16037,"2,218","2,106",112
16039,"11,897","11,321",576
16041,"7,060","6,807",253
16043,"7,894","7,606",288
16045,"8,422","7,924",498
16047,"8,256","7,944",312
16049,"6,709","6,260",449
16051,"14,142","13,659",483
16053,"12,198","11,711",487
16055,"81,286","75,654","5,632"
16057,"19,756","18,818",938
16059,"3,651","3,408",243
16061,"1,662","1,534",128
16063,"2,667","2,511",156
16065,"22,306","21,700",606
16067,"11,642","11,194",448
16069,"20,793","19,780","1,013"
16071,"2,342","2,244",98
16073,"5,493","5,166",327
16075,"11,941","11,309",632
16077,"4,132","3,964",168
16079,"5,444","4,946",498
16081,"6,632","6,256",376
16083,"41,250","39,083","2,167"
16085,"5,643","5,195",448
16087,"4,752","4,496",256
17000,"6,249,147","5,657,532","591,615"
17001,"31,259","29,287","1,972"
17003,"1,918","1,730",188
17005,"7,484","6,972",512
17007,"25,580","22,720","2,860"
17009,"2,996","2,881",115
17011,"16,363","15,124","1,239"
17013,"2,228","2,059",169
17015,"7,376","6,844",532
17017,"5,813","5,426",387
17019,"108,725","101,732","6,993"
17021,"13,598","12,497","1,101"
17023,"7,331","6,752",579
17025,"6,231","5,646",585
17027,"19,796","18,642","1,154"
17029,"23,148","21,432","1,716"
17031,"2,539,907","2,258,453","281,454"
17033,"8,472","7,882",590
17035,"5,944","5,606",338
17037,"53,031","48,678","4,353"
17039,"7,120","6,656",464
17041,"10,036","9,474",562
17043,"484,215","445,824","38,391"
17045,"8,899","8,311",588
17047,"2,681","2,462",219
17049,"19,265","17,988","1,277"
17051,"9,700","8,977",723
17053,"6,236","5,834",402
17055,"15,985","14,299","1,686"
17057,"14,615","13,364","1,251"
17059,"2,032","1,846",186
17061,"5,904","5,522",382
17063,"24,269","22,138","2,131"
17065,"4,225","3,944",281
17067,"8,081","7,521",560
17069,"1,289","1,171",118
17071,"3,544","3,298",246
17073,"23,925","22,061","1,864"
17075,"13,582","12,738",844
17077,"27,251","25,146","2,105"
17079,"4,591","4,315",276
17081,"16,993","15,279","1,714"
17083,"10,678","9,883",795
17085,"10,426","9,560",866
17087,"4,098","3,732",366
17089,"261,649","237,738","23,911"
17091,"53,934","49,164","4,770"
17093,"66,386","60,839","5,547"
17095,"21,110","19,285","1,825"
17097,"364,544","335,133","29,411"
17099,"52,663","47,699","4,964"
17101,"5,781","5,276",505
17103,"17,154","15,982","1,172"
17105,"15,909","14,840","1,069"
17107,"12,122","11,305",817
17109,"12,819","11,908",911
17111,"158,406","145,249","13,157"
17113,"85,103","79,341","5,762"
17115,"47,177","42,512","4,665"
17117,"22,119","20,596","1,523"
17119,"131,452","121,270","10,182"
17121,"17,114","15,523","1,591"
17123,"5,085","4,710",375
17125,"5,916","5,440",476
17127,"5,424","4,883",541
17129,"6,101","5,710",391
17131,"7,689","7,072",617
17133,"18,386","17,363","1,023"
17135,"11,453","10,455",998
17137,"15,873","14,784","1,089"
17139,"7,292","6,925",367
17141,"24,161","22,199","1,962"
17143,"83,684","75,016","8,668"
17145,"8,093","7,330",763
17147,"8,462","8,009",453
17149,"6,753","6,348",405
17151,"1,643","1,513",130
17153,"1,768","1,562",206
17155,"2,942","2,698",244
17157,"13,764","12,786",978
17159,"7,362","6,864",498
17161,"68,915","62,443","6,472"
17163,"125,155","113,836","11,319"
17165,"9,534","8,605",929
17167,"96,869","88,916","7,953"
17169,"3,126","2,933",193
17171,"2,349","2,194",155
17173,"10,256","9,596",660
17175,"2,373","2,200",173
17177,"21,106","19,560","1,546"
17179,"61,977","56,948","5,029"
17181,"7,192","6,610",582
17183,"32,542","29,671","2,871"
17185,"5,718","5,242",476
17187,"8,085","7,587",498
17189,"9,576","9,072",504
17191,"6,795","6,230",565
17193,"6,137","5,671",466
17195,"27,673","25,461","2,212"
17197,"344,335","311,763","32,572"
17199,"31,533","28,794","2,739"
17201,"135,759","120,253","15,506"
17203,"18,012","16,917","1,095"
18000,"3,319,010","3,082,982","236,028"
18001,"16,771","15,836",935
18003,"184,986","170,783","14,203"
18005,"43,802","40,975","2,827"
18007,"4,268","4,047",221
18009,"4,826","4,442",384
18011,"35,586","34,064","1,522"
18013,"7,568","7,062",506
18015,"9,659","9,076",583
18017,"17,551","16,360","1,191"
18019,"61,138","56,726","4,412"
18021,"11,450","10,689",761
18023,"16,825","15,886",939
18025,"4,849","4,506",343
18027,"16,523","15,891",632
18029,"25,224","23,482","1,742"
18031,"14,928","13,813","1,115"
18033,"22,116","20,591","1,525"
18035,"52,466","48,633","3,833"
18037,"22,595","21,569","1,026"
18039,"110,494","102,155","8,339"
18041,"8,543","7,700",843
18043,"41,093","38,422","2,671"
18045,"7,752","7,247",505
18047,"11,270","10,608",662
18049,"9,680","9,040",640
18051,"19,537","18,332","1,205"
18053,"31,534","29,538","1,996"
18055,"13,264","12,442",822
18057,"182,979","174,455","8,524"
18059,"40,363","38,084","2,279"
18061,"19,874","18,626","1,248"
18063,"89,386","84,885","4,501"
18065,"21,866","20,424","1,442"
18067,"36,931","32,921","4,010"
18069,"18,032","16,846","1,186"
18071,"23,066","21,416","1,650"
18073,"15,583","14,490","1,093"
18075,"8,801","8,224",577
18077,"14,965","13,858","1,107"
18079,"13,582","12,549","1,033"
18081,"82,335","77,712","4,623"
18083,"18,228","17,148","1,080"
18085,"41,420","38,879","2,541"
18087,"19,178","17,945","1,233"
18089,"225,185","201,989","23,196"
18091,"47,444","42,924","4,520"
18093,"20,687","19,252","1,435"
18095,"58,758","54,137","4,621"
18097,"495,063","456,145","38,918"
18099,"22,646","21,190","1,456"
18101,"5,410","5,181",229
18103,"15,009","13,772","1,237"
18105,"68,155","64,390","3,765"
18107,"18,538","17,580",958
18109,"35,605","33,693","1,912"
18111,"6,591","6,139",452
18113,"22,709","20,804","1,905"
18115,"3,157","2,924",233
18117,"8,499","7,558",941
18119,"9,015","8,447",568
18121,"6,844","6,468",376
18123,"9,089","8,495",594
18125,"6,144","5,782",362
18127,"83,987","77,220","6,767"
18129,"12,834","12,202",632
18131,"6,395","6,007",388
18133,"16,336","15,318","1,018"
18135,"11,191","10,456",735
18137,"13,875","12,991",884
18139,"8,738","8,191",547
18141,"133,385","122,197","11,188"
18143,"10,484","9,606",878
18145,"23,086","21,443","1,643"
18147,"10,333","9,754",579
18149,"9,730","8,947",783
18151,"19,915","18,673","1,242"
18153,"7,903","7,352",551
18155,"4,782","4,394",388
18157,"94,147","88,211","5,936"
18159,"9,019","8,465",554
18161,"3,443","3,254",189
18163,"91,573","85,014","6,559"
18165,"6,590","6,094",496
18167,"45,814","42,198","3,616"
18169,"14,499","13,615",884
18171,"4,001","3,785",216
18173,"31,654","29,930","1,724"
18175,"13,465","12,533",932
18177,"29,989","27,951","2,038"
18179,"14,006","13,211",795
18181,"13,254","12,586",668
18183,"17,155","16,139","1,016"
19000,"1,666,420","1,578,765","87,655"
19001,"4,179","4,013",166
19003,"2,029","1,952",77
19005,"7,034","6,675",359
19007,"5,914","5,601",313
19009,"3,011","2,908",103
19011,"12,924","12,272",652
19013,"67,318","63,173","4,145"
19015,"14,468","13,880",588
19017,"13,500","12,967",533
19019,"11,095","10,588",507
19021,"11,643","11,217",426
19023,"7,675","7,317",358
19025,"4,096","3,928",168
19027,"10,546","10,129",417
19029,"6,752","6,489",263
19031,"10,368","9,915",453
19033,"23,096","21,893","1,203"
19035,"6,192","5,958",234
19037,"6,271","5,976",295
19039,"4,761","4,504",257
19041,"8,336","7,958",378
19043,"9,703","9,150",553
19045,"21,989","20,509","1,480"
19047,"7,931","7,515",416
19049,"49,406","47,621","1,785"
19051,"4,108","3,943",165
19053,"4,266","4,104",162
19055,"10,381","9,969",412
19057,"18,609","17,222","1,387"
19059,"9,752","9,255",497
19061,"54,877","51,666","3,211"
19063,"5,047","4,797",250
19065,"10,299","9,735",564
19067,"8,250","7,751",499
19069,"5,597","5,385",212
19071,"3,712","3,597",115
19073,"5,333","5,107",226
19075,"6,273","5,999",274
19077,"5,409","5,140",269
19079,"6,779","6,480",299
19081,"5,764","5,495",269
19083,"7,767","7,407",360
19085,"7,060","6,776",284
19087,"9,564","9,060",504
19089,"5,070","4,844",226
19091,"4,939","4,730",209
19093,"3,966","3,824",142
19095,"10,009","9,565",444
19097,"10,622","9,975",647
19099,"19,177","18,157","1,020"
19101,"9,487","8,948",539
19103,"84,088","80,056","4,032"
19105,"10,253","9,669",584
19107,"5,151","4,897",254
19109,"8,087","7,779",308
19111,"15,693","14,666","1,027"
19113,"118,853","111,300","7,553"
19115,"5,916","5,623",293
19117,"4,644","4,475",169
19119,"6,823","6,652",171
19121,"8,347","7,868",479
19123,"11,798","11,237",561
19125,"17,933","17,182",751
19127,"17,514","16,278","1,236"
19129,"7,150","6,869",281
19131,"6,061","5,856",205
19133,"4,347","4,139",208
19135,"3,938","3,734",204
19137,"4,847","4,621",226
19139,"21,053","19,796","1,257"
19141,"8,058","7,786",272
19143,"3,498","3,397",101
19145,"6,186","5,878",308
19147,"4,540","4,330",210
19149,"14,284","13,770",514
19151,"4,220","4,072",148
19153,"264,807","248,931","15,876"
19155,"47,249","44,771","2,478"
19157,"9,727","9,247",480
19159,"2,377","2,285",92
19161,"5,167","4,986",181
19163,"86,403","80,541","5,862"
19165,"6,318","6,090",228
19167,"20,757","20,199",558
19169,"56,458","54,422","2,036"
19171,"9,225","8,753",472
19173,"3,064","2,952",112
19175,"6,147","5,786",361
19177,"3,667","3,497",170
19179,"17,328","16,293","1,035"
19181,"27,577","26,321","1,256"
19183,"11,490","11,021",469
19185,"2,783","2,658",125
19187,"18,615","17,638",977
19189,"5,025","4,703",322
19191,"11,095","10,550",545
19193,"54,467","51,606","2,861"
19195,"4,082","3,861",221
19197,"6,960","6,684",276
20000,"1,497,003","1,408,995","88,008"
20001,"6,392","6,045",347
20003,"4,250","4,075",175
20005,"6,856","6,385",471
20007,"2,324","2,246",78
20009,"13,680","13,046",634
20011,"6,747","6,367",380
20013,"5,153","4,923",230
20015,"32,533","30,403","2,130"
20017,"1,465","1,384",81
20019,"1,482","1,392",90
20021,"10,016","9,494",522
20023,"1,314","1,285",29
20025,"1,145","1,122",23
20027,"3,807","3,636",171
20029,"3,865","3,708",157
20031,"3,901","3,697",204
20033,860,830,30
20035,"16,807","15,709","1,098"
20037,"18,947","17,901","1,046"
20039,"1,241","1,195",46
20041,"8,873","8,442",431
20043,"4,153","3,965",188
20045,"64,225","60,337","3,888"
20047,"1,465","1,421",44
20049,"1,171","1,115",56
20051,"16,920","16,328",592
20053,"2,725","2,636",89
20055,"20,618","19,906",712
20057,"17,224","16,640",584
20059,"14,228","13,459",769
20061,"11,652","10,852",800
20063,"1,465","1,423",42
20065,"1,126","1,074",52
20067,"3,097","2,970",127
20069,"3,244","3,172",72
20071,825,810,15
20073,"3,129","2,965",164
20075,"1,633","1,605",28
20077,"2,792","2,668",124
20079,"16,930","16,030",900
20081,"2,250","2,197",53
20083,"1,008",981,27
20085,"7,213","6,820",393
20087,"10,207","9,708",499
20089,"1,249","1,210",39
20091,"342,146","324,544","17,602"
20093,"2,035","1,980",55
20095,"3,343","3,169",174
20097,"1,256","1,215",41
20099,"9,667","9,123",544
20101,755,733,22
20103,"36,746","34,611","2,135"
20105,"1,705","1,655",50
20107,"4,379","4,073",306
20109,"1,614","1,573",41
20111,"16,598","15,808",790
20113,"17,211","16,612",599
20115,"5,913","5,668",245
20117,"5,504","5,331",173
20119,"2,150","2,090",60
20121,"17,681","16,793",888
20123,"3,429","3,335",94
20125,"14,852","13,774","1,078"
20127,"3,079","2,958",121
20129,"1,139","1,105",34
20131,"5,596","5,430",166
20133,"6,246","5,845",401
20135,"1,334","1,288",46
20137,"2,644","2,573",71
20139,"8,009","7,600",409
20141,"1,965","1,908",57
20143,"2,978","2,851",127
20145,"2,846","2,739",107
20147,"2,651","2,560",91
20149,"11,981","11,461",520
20151,"4,926","4,748",178
20153,"1,547","1,508",39
20155,"29,626","27,997","1,629"
20157,"2,318","2,241",77
20159,"5,080","4,865",215
20161,"34,049","32,361","1,688"
20163,"2,509","2,408",101
20165,"1,576","1,503",73
20167,"3,317","3,177",140
20169,"29,511","27,893","1,618"
20171,"2,826","2,754",72
20173,"257,217","234,769","22,448"
20175,"9,816","9,386",430
20177,"91,343","85,910","5,433"
20179,"1,462","1,429",33
20181,"2,894","2,795",99
20183,"1,996","1,943",53
20185,"2,043","1,967",76
20187,"1,080","1,054",26
20189,"2,807","2,727",80
20191,"11,017","10,126",891
20193,"4,230","4,108",122
20195,"1,470","1,419",51
20197,"3,677","3,522",155
20199,825,807,18
20201,"3,062","2,986",76
20203,"1,258","1,232",26
20205,"3,913","3,609",304
20207,"1,567","1,474",93
20209,"78,392","72,303","6,089"
21000,"2,019,887","1,885,645","134,242"
21001,"6,961","6,460",501
21003,"8,732","8,256",476
21005,"11,752","11,034",718
21007,"3,356","3,134",222
21009,"18,195","16,829","1,366"
21011,"4,561","4,182",379
21013,"8,248","7,606",642
21015,"70,071","66,280","3,791"
21017,"9,577","9,016",561
21019,"17,551","16,086","1,465"
21021,"12,540","11,618",922
21023,"3,744","3,511",233
21025,"3,285","2,949",336
21027,"7,846","7,274",572
21029,"42,031","39,359","2,672"
21031,"4,961","4,619",342
21033,"5,570","5,224",346
21035,"17,865","16,752","1,113"
21037,"49,647","46,886","2,761"
21039,"2,168","2,066",102
21041,"5,289","4,978",311
21043,"9,586","8,663",923
21045,"6,666","6,250",416
21047,"24,587","22,662","1,925"
21049,"17,006","15,891","1,115"
21051,"5,199","4,751",448
21053,"3,978","3,776",202
21055,"3,663","3,460",203
21057,"3,271","3,112",159
21059,"45,710","42,911","2,799"
21061,"4,599","4,247",352
21063,"1,967","1,769",198
21065,"5,153","4,766",387
21067,"172,284","162,405","9,879"
21069,"6,135","5,686",449
21071,"10,688","9,705",983
21073,"24,745","23,117","1,628"
21075,"1,983","1,854",129
21077,"4,012","3,771",241
21079,"7,528","7,055",473
21081,"11,525","10,707",818
21083,"15,631","14,701",930
21085,"10,704","9,873",831
21087,"5,142","4,866",276
21089,"13,238","12,064","1,174"
21091,"3,808","3,575",233
21093,"47,581","44,196","3,385"
21095,"6,548","5,768",780
21097,"8,712","8,177",535
21099,"7,694","7,198",496
21101,"20,921","19,643","1,278"
21103,"8,071","7,611",460
21105,"1,720","1,625",95
21107,"18,149","16,815","1,334"
21109,"4,051","3,700",351
21111,"390,487","363,770","26,717"
21113,"26,160","24,689","1,471"
21115,"6,589","6,016",573
21117,"86,062","81,077","4,985"
21119,"4,350","3,979",371
21121,"9,962","9,143",819
21123,"5,838","5,417",421
21125,"24,857","23,130","1,727"
21127,"5,217","4,784",433
21129,"2,047","1,904",143
21131,"2,628","2,344",284
21133,"6,111","5,488",623
21135,"4,648","4,205",443
21137,"9,317","8,578",739
21139,"3,534","3,268",266
21141,"12,136","11,466",670
21143,"3,095","2,931",164
21145,"28,486","26,435","2,051"
21147,"4,807","4,457",350
21149,"4,023","3,796",227
21151,"45,855","43,091","2,764"
21153,"3,208","2,692",516
21155,"9,233","8,515",718
21157,"14,831","13,919",912
21159,"2,498","2,208",290
21161,"6,909","6,358",551
21163,"11,749","10,913",836
21165,"2,256","2,055",201
21167,"9,907","9,187",720
21169,"4,017","3,704",313
21171,"4,564","4,318",246
21173,"11,355","10,450",905
21175,"4,352","4,052",300
21177,"10,004","9,138",866
21179,"22,755","21,185","1,570"
21181,"3,275","3,053",222
21183,"9,289","8,620",669
21185,"32,438","30,867","1,571"
21187,"5,082","4,757",325
21189,"1,061",982,79
21191,"6,803","6,447",356
21193,"8,181","7,453",728
21195,"19,196","17,574","1,622"
21197,"5,070","4,698",372
21199,"25,795","23,907","1,888"
21201,788,740,48
21203,"6,428","5,971",457
21205,"9,932","9,191",741
21207,"6,085","5,586",499
21209,"29,378","27,523","1,855"
21211,"25,191","23,817","1,374"
21213,"8,596","7,979",617
21215,"10,254","9,662",592
21217,"12,935","12,160",775
21219,"5,391","5,131",260
21221,"6,030","5,611",419
21223,"3,789","3,533",256
21225,"5,939","5,562",377
21227,"63,256","59,108","4,148"
21229,"6,099","5,718",381
21231,"7,370","6,888",482
21233,"5,424","5,077",347
21235,"13,784","12,801",983
21237,"2,059","1,901",158
21239,"14,929","14,182",747
22000,"2,076,643","1,905,238","171,405"
22001,"23,463","21,758","1,705"
22003,"8,460","7,682",778
22005,"64,136","59,807","4,329"
22007,"8,822","7,929",893
22009,"15,048","13,846","1,202"
22011,"14,405","13,444",961
22013,"5,417","4,999",418
22015,"56,750","53,138","3,612"
22017,"102,615","93,384","9,231"
22019,"98,110","89,236","8,874"
22021,"3,670","3,403",267
22023,"3,520","3,318",202
22025,"3,495","3,248",247
22027,"5,495","5,133",362
22029,"6,949","6,385",564
22031,"10,623","9,852",771
22033,"228,974","211,197","17,777"
22035,"1,824","1,610",214
22037,"7,762","7,244",518
22039,"11,933","11,013",920
22041,"7,380","6,783",597
22043,"8,168","7,635",533
22045,"27,907","25,284","2,623"
22047,"13,975","12,601","1,374"
22049,"6,738","6,378",360
22051,"211,563","191,934","19,629"
22053,"12,827","11,863",964
22055,"113,811","105,742","8,069"
22057,"41,475","38,786","2,689"
22059,"6,912","6,584",328
22061,"20,927","19,613","1,314"
22063,"68,265","63,874","4,391"
22065,"3,573","3,272",301
22067,"10,096","9,102",994
22069,"16,129","15,028","1,101"
22071,"181,868","159,734","22,134"
22073,"69,823","64,663","5,160"
22075,"9,649","8,971",678
22077,"9,638","8,888",750
22079,"55,157","51,714","3,443"
22081,"3,612","3,389",223
22083,"8,139","7,518",621
22085,"9,236","8,730",506
22087,"20,022","17,984","2,038"
22089,"24,644","22,715","1,929"
22091,"4,299","3,805",494
22093,"9,058","8,176",882
22095,"19,473","17,294","2,179"
22097,"32,418","29,611","2,807"
22099,"22,057","20,268","1,789"
22101,"19,516","17,722","1,794"
22103,"116,466","108,590","7,876"
22105,"56,389","51,012","5,377"
22107,"1,359","1,245",114
22109,"46,224","42,663","3,561"
22111,"8,970","8,330",640
22113,"23,746","21,993","1,753"
22115,"15,795","14,677","1,118"
22117,"16,660","15,299","1,361"
22119,"14,088","12,977","1,111"
22121,"13,502","12,530",972
22123,"3,637","3,270",367
22125,"5,276","4,989",287
22127,"4,709","4,377",332
23000,"676,547","639,759","36,788"
23001,"54,470","51,486","2,984"
23003,"29,255","27,642","1,613"
23005,"160,863","152,368","8,495"
23007,"13,795","12,956",839
23009,"27,648","26,059","1,589"
23011,"61,376","58,332","3,044"
23013,"19,535","18,481","1,054"
23015,"16,386","15,516",870
23017,"25,815","24,097","1,718"
23019,"74,717","70,710","4,007"
23021,"7,151","6,760",391
23023,"19,259","18,348",911
23025,"22,024","20,563","1,461"
23027,"19,961","18,933","1,028"
23029,"13,408","12,575",833
23031,"110,884","104,935","5,949"
24000,"3,172,796","2,958,287","214,509"
24001,"30,835","28,437","2,398"
24003,"310,413","292,309","18,104"
24005,"445,695","415,263","30,432"
24009,"48,543","46,006","2,537"
24011,"17,436","16,469",967
24013,"93,073","88,333","4,740"
24015,"52,083","48,988","3,095"
24017,"86,099","80,309","5,790"
24019,"15,990","14,923","1,067"
24021,"132,867","124,969","7,898"
24023,"15,274","14,261","1,013"
24025,"138,337","130,336","8,001"
24027,"184,474","174,916","9,558"
24029,"9,664","9,026",638
24031,"548,398","513,663","34,735"
24033,"504,276","462,879","41,397"
24035,"27,202","25,712","1,490"
24037,"57,281","54,513","2,768"
24039,"8,720","7,996",724
24041,"17,776","16,707","1,069"
24043,"72,703","67,799","4,904"
24045,"49,403","45,722","3,681"
24047,"25,069","22,270","2,799"
24510,"281,187","256,482","24,705"
25000,"3,658,321","3,334,126","324,195"
25001,"108,128","97,073","11,055"
25003,"61,645","56,016","5,629"
25005,"293,532","263,456","30,076"
25007,"9,517","8,640",877
25009,"414,660","374,075","40,585"
25011,"39,501","36,565","2,936"
25013,"220,259","197,372","22,887"
25015,"85,661","79,477","6,184"
25017,"882,398","818,205","64,193"
25019,"7,664","6,873",791
25021,"380,061","348,328","31,733"
25023,"276,733","250,579","26,154"
25025,"446,558","403,388","43,170"
25027,"432,005","394,081","37,924"
26000,"4,840,843","4,362,728","478,115"
26001,"3,861","3,479",382
26003,"3,147","2,809",338
26005,"62,253","57,710","4,543"
26007,"13,245","12,224","1,021"
26009,"10,207","9,213",994
26011,"5,909","5,234",675
26013,"3,163","2,793",370
26015,"31,350","29,033","2,317"
26017,"49,573","45,009","4,564"
26019,"8,655","7,838",817
26021,"72,765","66,476","6,289"
26023,"19,739","18,148","1,591"
26025,"61,838","55,844","5,994"
26027,"24,470","22,327","2,143"
26029,"12,649","11,405","1,244"
26031,"10,277","8,779","1,498"
26033,"16,121","14,684","1,437"
26035,"11,798","10,440","1,358"
26037,"40,089","37,463","2,626"
26039,"5,660","5,070",590
26041,"16,948","15,466","1,482"
26043,"12,206","11,347",859
26045,"56,112","51,803","4,309"
26047,"17,219","15,415","1,804"
26049,"179,933","159,859","20,074"
26051,"9,876","8,915",961
26053,"5,852","5,402",450
26055,"48,974","44,869","4,105"
26057,"17,927","16,497","1,430"
26059,"20,088","18,261","1,827"
26061,"15,945","14,789","1,156"
26063,"15,554","14,231","1,323"
26065,"146,960","136,006","10,954"
26067,"30,414","28,000","2,414"
26069,"10,152","9,089","1,063"
26071,"4,985","4,581",404
26073,"33,122","30,354","2,768"
26075,"74,075","67,407","6,668"
26077,"131,618","122,130","9,488"
26079,"7,904","7,029",875
26081,"357,123","330,032","27,091"
26083,884,805,79
26085,"3,989","3,560",429
26087,"40,138","35,123","5,015"
26089,"10,261","9,445",816
26091,"45,597","41,492","4,105"
26093,"99,598","90,819","8,779"
26095,"2,257","2,063",194
26097,"5,003","4,335",668
26099,"439,510","386,942","52,568"
26101,"10,270","9,164","1,106"
26103,"31,758","29,121","2,637"
26105,"13,374","12,142","1,232"
26107,"18,415","16,740","1,675"
26109,"10,694","10,008",686
26111,"39,706","36,742","2,964"
26113,"6,923","6,291",632
26115,"74,397","67,764","6,633"
26117,"28,133","25,578","2,555"
26119,"3,021","2,624",397
26121,"77,540","68,681","8,859"
26123,"23,340","21,319","2,021"
26125,"648,742","588,572","60,170"
26127,"12,024","10,783","1,241"
26129,"8,048","7,167",881
26131,"2,053","1,841",212
26133,"11,606","10,641",965
26135,"2,910","2,563",347
26137,"11,651","10,455","1,196"
26139,"158,936","148,077","10,859"
26141,"4,951","4,402",549
26143,"7,835","6,885",950
26145,"84,807","76,397","8,410"
26147,"73,897","65,042","8,855"
26149,"29,052","26,418","2,634"
26151,"19,541","17,641","1,900"
26153,"3,248","2,934",314
26155,"32,859","29,839","3,020"
26157,"23,739","21,344","2,395"
26159,"34,835","31,932","2,903"
26161,"193,659","181,294","12,365"
26163,"796,974","686,888","110,086"
26165,"14,918","13,402","1,516"
27000,"3,094,702","2,903,562","191,140"
27001,"7,487","6,884",603
27003,"198,304","185,714","12,590"
27005,"18,817","17,644","1,173"
27007,"24,865","23,306","1,559"
27009,"22,062","20,597","1,465"
27011,"2,517","2,398",119
27013,"40,363","38,182","2,181"
27015,"14,270","13,539",731
27017,"17,715","16,435","1,280"
27019,"58,673","55,626","3,047"
27021,"14,206","12,905","1,301"
27023,"6,779","6,435",344
27025,"30,083","28,103","1,980"
27027,"36,323","34,762","1,561"
27029,"4,507","4,084",423
27031,"2,948","2,699",249
27033,"6,265","5,974",291
27035,"32,291","29,954","2,337"
27037,"242,394","227,375","15,019"
27039,"12,042","11,395",647
27041,"21,271","20,252","1,019"
27043,"7,087","6,651",436
27045,"11,654","11,069",585
27047,"16,258","15,344",914
27049,"26,659","25,099","1,560"
27051,"3,337","3,161",176
27053,"710,270","663,738","46,532"
27055,"10,311","9,869",442
27057,"9,907","9,207",700
27059,"21,430","19,976","1,454"
27061,"22,100","20,240","1,860"
27063,"5,772","5,493",279
27065,"9,109","8,380",729
27067,"24,696","23,512","1,184"
27069,"2,411","2,300",111
27071,"5,796","5,367",429
27073,"3,529","3,363",166
27075,"5,273","4,889",384
27077,"2,442","2,292",150
27079,"16,186","15,092","1,094"
27081,"3,125","2,986",139
27083,"14,364","13,719",645
27085,"19,236","18,145","1,091"
27087,"2,198","1,912",286
27089,"5,451","5,098",353
27091,"9,994","9,474",520
27093,"13,251","12,567",684
27095,"12,937","11,847","1,090"
27097,"17,936","16,724","1,212"
27099,"20,929","19,889","1,040"
27101,"4,834","4,589",245
27103,"20,752","19,755",997
27105,"11,602","11,114",488
27107,"3,287","3,079",208
27109,"91,030","86,093","4,937"
27111,"31,488","29,790","1,698"
27113,"8,663","8,130",533
27115,"14,581","13,326","1,255"
27117,"4,670","4,481",189
27119,"16,403","15,485",918
27121,"6,512","6,222",290
27123,"290,181","270,117","20,064"
27125,"2,230","2,087",143
27127,"7,782","7,352",430
27129,"8,598","8,122",476
27131,"37,193","35,242","1,951"
27133,"5,808","5,632",176
27135,"7,917","7,462",455
27137,"101,110","93,824","7,286"
27139,"83,897","78,940","4,957"
27141,"52,434","49,247","3,187"
27143,"8,373","7,912",461
27145,"90,863","85,650","5,213"
27147,"20,330","19,218","1,112"
27149,"5,446","5,269",177
27151,"4,881","4,599",282
27153,"13,786","13,057",729
27155,"1,753","1,676",77
27157,"12,439","11,780",659
27159,"6,024","5,564",460
27161,"9,081","8,515",566
27163,"143,583","135,509","8,074"
27165,"6,664","6,356",308
27167,"3,458","3,316",142
27169,"28,193","26,800","1,393"
27171,"75,721","71,523","4,198"
27173,"5,314","5,069",245
28000,"1,259,347","1,157,546","101,801"
28001,"10,609","9,441","1,168"
28003,"15,419","14,458",961
28005,"4,460","4,084",376
28007,"6,977","6,397",580
28009,"2,995","2,745",250
28011,"11,537","10,531","1,006"
28013,"5,598","5,146",452
28015,"3,462","3,195",267
28017,"6,964","6,207",757
28019,"3,601","3,370",231
28021,"3,105","2,657",448
28023,"5,846","5,355",491
28025,"7,946","7,021",925
28027,"8,362","7,314","1,048"
28029,"10,759","9,871",888
28031,"8,379","7,803",576
28033,"90,498","85,029","5,469"
28035,"32,983","30,328","2,655"
28037,"2,770","2,541",229
28039,"9,013","8,195",818
28041,"4,337","3,917",420
28043,"9,305","8,638",667
28045,"18,692","17,106","1,586"
28047,"87,410","79,148","8,262"
28049,"104,391","94,636","9,755"
28051,"5,530","4,634",896
28053,"2,225","1,897",328
28055,338,307,31
28057,"10,343","9,621",722
28059,"58,435","52,868","5,567"
28061,"6,094","5,551",543
28063,"1,989","1,623",366
28065,"4,022","3,636",386
28067,"25,621","23,813","1,808"
28069,"3,423","3,093",330
28071,"26,570","24,955","1,615"
28073,"30,544","28,709","1,835"
28075,"29,638","27,416","2,222"
28077,"4,683","4,276",407
28079,"8,058","7,424",634
28081,"41,347","37,985","3,362"
28083,"9,873","8,816","1,057"
28085,"14,553","13,484","1,069"
28087,"25,123","23,038","2,085"
28089,"52,376","48,927","3,449"
28091,"10,178","9,459",719
28093,"14,119","13,053","1,066"
28095,"15,692","14,297","1,395"
28097,"3,926","3,610",316
28099,"10,382","9,415",967
28101,"8,010","7,374",636
28103,"3,888","3,459",429
28105,"22,096","20,414","1,682"
28107,"12,739","11,488","1,251"
28109,"23,200","21,502","1,698"
28111,"4,245","3,876",369
28113,"14,674","13,366","1,308"
28115,"14,911","13,755","1,156"
28117,"11,207","10,428",779
28119,"2,355","2,099",256
28121,"74,377","70,428","3,949"
28123,"12,681","11,942",739
28125,"1,475","1,314",161
28127,"10,445","9,730",715
28129,"6,631","6,248",383
28131,"7,012","6,483",529
28133,"7,491","6,651",840
28135,"5,197","4,810",387
28137,"11,990","11,070",920
28139,"9,394","8,739",655
28141,"8,399","7,849",550
28143,"4,590","3,908",682
28145,"14,156","13,150","1,006"
28147,"4,997","4,575",422
28149,"20,215","18,448","1,767"
28151,"16,182","14,397","1,785"
28153,"7,494","6,843",651
28155,"3,891","3,603",288
28157,"2,777","2,406",371
28159,"7,360","6,723",637
28161,"4,900","4,513",387
28163,"9,877","8,917",960
29000,"3,052,700","2,867,162","185,538"
29001,"10,086","9,572",514
29003,"9,749","9,355",394
29005,"2,744","2,634",110
29007,"10,339","9,728",611
29009,"15,692","14,673","1,019"
29011,"5,187","4,931",256
29013,"7,662","7,255",407
29015,"7,235","6,709",526
29017,"5,409","5,105",304
29019,"96,381","92,311","4,070"
29021,"43,827","41,667","2,160"
29023,"18,183","17,032","1,151"
29025,"4,279","4,050",229
29027,"21,366","20,410",956
29029,"18,829","17,502","1,327"
29031,"40,333","38,254","2,079"
29033,"4,680","4,397",283
29035,"2,524","2,359",165
29037,"54,079","51,203","2,876"
29039,"5,734","5,478",256
29041,"3,781","3,628",153
29043,"45,241","43,008","2,233"
29045,"3,169","2,979",190
29047,"136,568","128,194","8,374"
29049,"10,564","9,936",628
29051,"39,151","37,432","1,719"
29053,"7,219","6,818",401
29055,"10,852","10,157",695
29057,"3,560","3,405",155
29059,"7,034","6,620",414
29061,"4,123","3,948",175
29063,"4,791","4,585",206
29065,"6,351","6,045",306
29067,"5,167","4,768",399
29069,"11,562","10,718",844
29071,"52,661","49,396","3,265"
29073,"7,606","7,168",438
29075,"3,405","3,289",116
29077,"150,766","142,704","8,062"
29079,"4,333","4,134",199
29081,"3,811","3,639",172
29083,"9,673","9,106",567
29085,"3,879","3,683",196
29087,"2,578","2,491",87
29089,"4,822","4,622",200
29091,"16,201","15,118","1,083"
29093,"3,500","3,254",246
29095,"360,213","334,471","25,742"
29097,"56,154","52,968","3,186"
29099,"116,774","109,655","7,119"
29101,"23,108","21,796","1,312"
29103,"1,757","1,686",71
29105,"16,731","15,343","1,388"
29107,"16,582","15,711",871
29109,"17,672","16,599","1,073"
29111,"4,966","4,723",243
29113,"28,723","26,926","1,797"
29115,"5,093","4,781",312
29117,"7,389","7,107",282
29119,"10,578","10,052",526
29121,"7,435","7,079",356
29123,"5,475","5,117",358
29125,"3,909","3,720",189
29127,"14,299","13,612",687
29129,"1,889","1,821",68
29131,"12,308","11,547",761
29133,"5,701","5,396",305
29135,"7,368","7,055",313
29137,"3,789","3,564",225
29139,"5,750","5,464",286
29141,"8,273","7,755",518
29143,"8,483","7,991",492
29145,"26,732","25,179","1,553"
29147,"10,722","10,232",490
29149,"3,938","3,673",265
29151,"7,078","6,824",254
29153,"3,467","3,216",251
29155,"6,271","5,770",501
29157,"9,826","9,264",562
29159,"20,626","19,218","1,408"
29161,"19,776","18,833",943
29163,"7,549","7,137",412
29165,"58,458","55,275","3,183"
29167,"14,331","13,661",670
29169,"14,583","13,761",822
29171,"2,275","2,175",100
29173,"5,627","5,376",251
29175,"10,210","9,605",605
29177,"10,966","10,213",753
29179,"2,922","2,756",166
29181,"4,987","4,593",394
29183,"224,521","212,786","11,735"
29185,"3,764","3,534",230
29186,"9,239","8,782",457
29187,"26,414","24,562","1,852"
29189,"524,721","491,901","32,820"
29195,"10,597","10,118",479
29197,"1,961","1,849",112
29199,"2,393","2,315",78
29201,"19,872","18,814","1,058"
29203,"3,343","3,098",245
29205,"3,047","2,911",136
29207,"13,238","12,450",788
29209,"13,120","11,836","1,284"
29211,"2,785","2,664",121
29213,"26,259","22,866","3,393"
29215,"8,953","8,434",519
29217,"9,436","9,025",411
29219,"18,207","17,150","1,057"
29221,"10,143","9,415",728
29223,"5,085","4,775",310
29225,"17,322","16,396",926
29227,"1,180","1,131",49
29229,"7,369","6,851",518
29510,"152,292","139,334","12,958"
30000,"539,883","508,095","31,788"
30001,"5,050","4,847",203
30003,"4,874","4,517",357
30005,"2,278","2,169",109
30007,"2,605","2,442",163
30009,"5,567","5,233",334
30011,649,630,19
30013,"37,797","35,561","2,236"
30015,"2,454","2,359",95
30017,"6,230","5,930",300
30019,898,873,25
30021,"4,668","4,408",260
30023,"5,035","4,779",256
30025,"1,648","1,582",66
30027,"5,844","5,578",266
30029,"49,357","45,499","3,858"
30031,"70,434","66,898","3,536"
30033,741,721,20
30035,"5,443","4,907",536
30037,363,346,17
30039,"1,606","1,475",131
30041,"7,608","7,229",379
30043,"5,789","5,492",297
30045,987,939,48
30047,"13,659","12,815",844
30049,"36,479","34,666","1,813"
30051,969,942,27
30053,"8,097","7,278",819
30055,961,933,28
30057,"4,551","4,319",232
30059,966,921,45
30061,"1,778","1,597",181
30063,"64,123","60,106","4,017"
30065,"2,328","2,185",143
30067,"8,938","8,273",665
30069,264,255,9
30071,"1,891","1,798",93
30073,"2,685","2,553",132
30075,976,946,30
30077,"2,956","2,819",137
30079,471,439,32
30081,"20,684","19,493","1,191"
30083,"5,938","5,556",382
30085,"4,451","4,185",266
30087,"3,742","3,530",212
30089,"5,086","4,691",395
30091,"1,769","1,684",85
30093,"17,295","16,153","1,142"
30095,"5,332","5,062",270
30097,"1,861","1,794",67
30099,"2,765","2,644",121
30101,"2,141","2,034",107
30103,338,326,12
30105,"4,056","3,880",176
30107,754,699,55
30109,454,431,23
30111,"83,203","78,676","4,527"
31000,"1,035,175","991,388","43,787"
31001,"16,839","16,169",670
31003,"3,909","3,821",88
31005,231,219,12
31007,380,370,10
31009,255,246,9
31011,"2,937","2,864",73
31013,"5,405","5,148",257
31015,"1,057","1,027",30
31017,"1,397","1,359",38
31019,"27,519","26,430","1,089"
31021,"3,556","3,419",137
31023,"4,589","4,433",156
31025,"13,432","12,851",581
31027,"4,506","4,384",122
31029,"2,285","2,244",41
31031,"3,334","3,253",81
31033,"4,224","4,038",186
31035,"3,256","3,152",104
31037,"5,620","5,457",163
31039,"4,830","4,708",122
31041,"6,348","6,174",174
31043,"10,598","10,089",509
31045,"4,952","4,812",140
31047,"13,302","12,846",456
31049,956,927,29
31051,"2,945","2,850",95
31053,"20,100","19,391",709
31055,"300,140","284,846","15,294"
31057,"1,158","1,133",25
31059,"3,154","3,067",87
31061,"1,473","1,422",51
31063,"1,539","1,494",45
31065,"2,593","2,521",72
31067,"10,872","10,438",434
31069,"1,061","1,024",37
31071,"1,147","1,124",23
31073,"1,094","1,066",28
31075,409,401,8
31077,"1,232","1,196",36
31079,"32,030","30,179","1,851"
31081,"4,760","4,585",175
31083,"1,731","1,681",50
31085,630,616,14
31087,"1,304","1,259",45
31089,"5,730","5,590",140
31091,412,401,11
31093,"3,340","3,193",147
31095,"4,193","4,078",115
31097,"2,058","1,977",81
31099,"3,776","3,655",121
31101,"4,547","4,400",147
31103,597,585,12
31105,"1,975","1,905",70
31107,"4,655","4,517",138
31109,"177,006","169,507","7,499"
31111,"18,367","17,645",722
31113,471,459,12
31115,409,397,12
31117,443,431,12
31119,"19,665","18,898",767
31121,"4,004","3,845",159
31123,"2,605","2,512",93
31125,"1,946","1,883",63
31127,"3,581","3,453",128
31129,"2,454","2,388",66
31131,"8,369","8,072",297
31133,"1,486","1,445",41
31135,"1,834","1,801",33
31137,"4,953","4,805",148
31139,"4,125","3,989",136
31141,"17,741","17,090",651
31143,"2,912","2,824",88
31145,"5,854","5,663",191
31147,"4,197","4,062",135
31149,873,855,18
31151,"7,310","7,047",263
31153,"96,776","92,833","3,943"
31155,"11,155","10,746",409
31157,"18,160","17,402",758
31159,"8,852","8,489",363
31161,"2,708","2,643",65
31163,"1,667","1,614",53
31165,747,730,17
31167,"3,531","3,412",119
31169,"2,781","2,705",76
31171,420,403,17
31173,"3,070","2,909",161
31175,"2,124","2,064",60
31177,"11,136","10,729",407
31179,"5,610","5,454",156
31181,"1,653","1,591",62
31183,550,540,10
31185,"7,265","7,021",244
32000,"1,530,872","1,334,416","196,456"
32001,"11,074","10,451",623
32003,"1,123,582","958,069","165,513"
32005,"22,465","20,531","1,934"
32007,"26,791","25,264","1,527"
32009,406,385,21
32011,"1,040","1,004",36
32013,"8,036","7,641",395
32015,"3,149","2,999",150
32017,"2,013","1,910",103
32019,"23,045","21,077","1,968"
32021,"2,093","1,976",117
32023,"17,596","15,889","1,707"
32027,"2,530","2,407",123
32029,"2,050","1,879",171
32031,"254,278","234,544","19,734"
32033,"4,595","4,403",192
32510,"26,130","23,987","2,143"
33000,"761,732","710,817","50,915"
33001,"31,128","28,971","2,157"
33003,"23,134","21,358","1,776"
33005,"39,851","37,407","2,444"
33007,"14,399","13,263","1,136"
33009,"48,154","45,341","2,813"
33011,"240,135","223,343","16,792"
33013,"82,622","77,822","4,800"
33015,"185,979","172,832","13,147"
33017,"73,223","68,613","4,610"
33019,"23,105","21,866","1,239"
34000,"4,495,166","4,055,260","439,906"
34001,"121,037","99,546","21,491"
34003,"477,892","432,189","45,703"
34005,"230,784","211,788","18,996"
34007,"256,048","230,287","25,761"
34009,"45,492","39,206","6,286"
34011,"66,277","59,148","7,129"
34013,"373,943","330,269","43,674"
34015,"151,080","137,052","14,028"
34017,"360,498","322,277","38,221"
34019,"63,295","58,730","4,565"
34021,"205,405","190,150","15,255"
34023,"436,329","398,298","38,031"
34025,"327,712","298,748","28,964"
34027,"252,588","232,958","19,630"
34029,"278,413","252,016","26,397"
34031,"245,187","214,293","30,894"
34033,"29,532","26,715","2,817"
34035,"167,938","154,873","13,065"
34037,"73,836","66,900","6,936"
34039,"276,211","248,871","27,340"
34041,"55,670","50,947","4,723"
35000,"943,287","863,874","79,413"
35001,"330,645","303,820","26,825"
35003,"1,159","1,075",84
35005,"28,106","25,832","2,274"
35006,"9,120","8,278",842
35007,"5,191","4,824",367
35009,"22,292","21,068","1,224"
35011,710,675,35
35013,"97,153","89,080","8,073"
35015,"33,700","31,384","2,316"
35017,"11,893","10,819","1,074"
35019,"1,531","1,428",103
35021,276,264,12
35023,"1,956","1,842",114
35025,"29,545","26,281","3,264"
35027,"8,943","8,154",789
35028,"9,974","9,603",371
35029,"10,372","8,727","1,645"
35031,"24,035","21,557","2,478"
35033,"2,064","1,898",166
35035,"25,696","23,556","2,140"
35037,"3,099","2,870",229
35039,"16,816","15,455","1,361"
35041,"7,934","7,443",491
35043,"66,325","60,627","5,698"
35045,"50,367","45,321","5,046"
35047,"10,516","9,646",870
35049,"71,346","65,455","5,891"
35051,"4,127","3,749",378
35053,"6,248","5,805",443
35055,"14,967","13,238","1,729"
35057,"5,365","4,854",511
35059,"1,653","1,569",84
35061,"30,167","27,681","2,486"
36000,"9,289,171","8,361,006","928,165"
36001,"157,326","146,027","11,299"
36003,"19,038","17,502","1,536"
36005,"589,087","494,651","94,436"
36007,"81,897","74,798","7,099"
36009,"33,142","30,022","3,120"
36011,"35,417","32,618","2,799"
36013,"52,729","48,027","4,702"
36015,"35,430","32,328","3,102"
36017,"21,760","20,261","1,499"
36019,"35,447","32,623","2,824"
36021,"30,309","28,431","1,878"
36023,"22,453","20,668","1,785"
36025,"18,614","17,274","1,340"
36027,"142,061","131,173","10,888"
36029,"439,291","397,536","41,755"
36031,"16,518","15,174","1,344"
36033,"19,197","17,622","1,575"
36035,"22,509","20,569","1,940"
36037,"28,962","26,833","2,129"
36039,"20,281","18,598","1,683"
36041,"2,141","1,972",169
36043,"27,477","25,227","2,250"
36045,"43,295","39,542","3,753"
36047,"1,151,130","1,006,852","144,278"
36049,"11,389","10,515",874
36051,"29,831","27,727","2,104"
36053,"32,437","29,908","2,529"
36055,"359,299","328,525","30,774"
36057,"22,032","20,098","1,934"
36059,"698,942","640,035","58,907"
36061,"859,618","777,583","82,035"
36063,"98,105","87,906","10,199"
36065,"100,648","92,473","8,175"
36067,"220,483","202,037","18,446"
36069,"54,401","50,447","3,954"
36071,"183,265","167,957","15,308"
36073,"17,146","15,713","1,433"
36075,"52,209","47,549","4,660"
36077,"26,607","24,686","1,921"
36079,"50,079","46,294","3,785"
36081,"1,098,937","961,214","137,723"
36083,"80,795","75,155","5,640"
36085,"211,064","188,608","22,456"
36087,"152,903","140,547","12,356"
36089,"42,854","39,353","3,501"
36091,"119,009","111,029","7,980"
36093,"76,925","70,723","6,202"
36095,"14,440","13,412","1,028"
36097,"8,008","7,319",689
36099,"15,214","13,970","1,244"
36101,"42,022","38,592","3,430"
36103,"764,564","699,613","64,951"
36105,"35,758","32,601","3,157"
36107,"22,142","20,410","1,732"
36109,"47,929","44,967","2,962"
36111,"86,186","79,285","6,901"
36113,"30,901","28,308","2,593"
36115,"27,302","25,348","1,954"
36117,"42,921","39,749","3,172"
36119,"477,959","437,772","40,187"
36121,"17,793","16,457","1,336"
36123,"11,546","10,794",752
37000,"4,950,859","4,587,407","363,452"
37001,"80,457","74,625","5,832"
37003,"17,694","16,377","1,317"
37005,"4,210","3,903",307
37007,"10,422","9,617",805
37009,"12,664","11,878",786
37011,"7,287","6,825",462
37013,"19,387","18,159","1,228"
37015,"7,618","7,132",486
37017,"14,485","13,439","1,046"
37019,"52,246","47,641","4,605"
37021,"136,480","125,114","11,366"
37023,"39,888","37,019","2,869"
37025,"108,444","100,873","7,571"
37027,"35,754","32,931","2,823"
37029,"4,574","4,323",251
37031,"31,320","29,373","1,947"
37033,"9,621","8,869",752
37035,"77,852","71,632","6,220"
37037,"35,248","33,338","1,910"
37039,"10,952","10,084",868
37041,"5,476","5,140",336
37043,"4,079","3,778",301
37045,"48,435","44,634","3,801"
37047,"22,501","20,662","1,839"
37049,"40,820","38,121","2,699"
37051,"126,387","114,386","12,001"
37053,"13,851","12,976",875
37055,"19,548","17,636","1,912"
37057,"78,916","73,311","5,605"
37059,"20,079","18,709","1,370"
37061,"24,812","23,420","1,392"
37063,"170,422","159,304","11,118"
37065,"20,702","18,511","2,191"
37067,"184,149","170,449","13,700"
37069,"31,029","28,909","2,120"
37071,"109,526","100,744","8,782"
37073,"5,069","4,779",290
37075,"3,077","2,772",305
37077,"29,566","27,832","1,734"
37079,"9,551","9,012",539
37081,"256,997","234,933","22,064"
37083,"20,081","18,237","1,844"
37085,"52,873","48,916","3,957"
37087,"28,663","26,503","2,160"
37089,"52,454","48,836","3,618"
37091,"9,016","8,389",627
37093,"19,759","18,049","1,710"
37095,"1,797","1,614",183
37097,"88,855","82,336","6,519"
37099,"19,785","18,286","1,499"
37101,"98,297","92,056","6,241"
37103,"4,199","3,957",242
37105,"25,965","23,894","2,071"
37107,"27,600","25,892","1,708"
37109,"43,262","40,410","2,852"
37111,"20,555","19,123","1,432"
37113,"15,449","14,416","1,033"
37115,"9,587","8,926",661
37117,"8,884","8,267",617
37119,"617,543","569,616","47,927"
37121,"5,886","5,427",459
37123,"11,328","10,573",755
37125,"40,734","37,796","2,938"
37127,"42,129","38,590","3,539"
37129,"120,839","112,078","8,761"
37131,"7,528","6,978",550
37133,"63,899","59,276","4,623"
37135,"77,808","73,636","4,172"
37137,"5,242","4,947",295
37139,"16,517","15,306","1,211"
37141,"28,001","26,157","1,844"
37143,"4,845","4,521",324
37145,"18,098","16,766","1,332"
37147,"87,450","81,504","5,946"
37149,"8,948","8,392",556
37151,"63,993","59,268","4,725"
37153,"16,733","15,200","1,533"
37155,"49,951","45,531","4,420"
37157,"38,983","35,723","3,260"
37159,"65,083","59,909","5,174"
37161,"24,588","22,307","2,281"
37163,"28,498","26,837","1,661"
37165,"11,407","10,034","1,373"
37167,"29,630","27,757","1,873"
37169,"20,991","19,638","1,353"
37171,"32,640","30,404","2,236"
37173,"6,939","6,351",588
37175,"14,146","13,278",868
37177,"1,359","1,238",121
37179,"121,173","113,926","7,247"
37181,"17,119","15,388","1,731"
37183,"584,088","546,490","37,598"
37185,"6,560","5,919",641
37187,"4,392","4,034",358
37189,"27,997","26,261","1,736"
37191,"50,708","47,430","3,278"
37193,"28,483","26,544","1,939"
37195,"34,442","31,380","3,062"
37197,"17,305","16,074","1,231"
37199,"8,189","7,649",540
38000,"406,839","386,006","20,833"
38001,999,961,38
38003,"5,165","4,965",200
38005,"2,322","2,165",157
38007,438,422,16
38009,"2,959","2,800",159
38011,"1,639","1,584",55
38013,"1,022",968,54
38015,"50,588","48,386","2,202"
38017,"104,926","100,334","4,592"
38019,"1,911","1,845",66
38021,"2,318","2,241",77
38023,"1,418","1,373",45
38025,"3,097","2,956",141
38027,"1,206","1,149",57
38029,"1,493","1,419",74
38031,"1,555","1,501",54
38033,853,826,27
38035,"36,730","35,031","1,699"
38037,"1,189","1,156",33
38039,"1,014",983,31
38041,"1,392","1,337",55
38043,"1,284","1,218",66
38045,"2,055","2,001",54
38047,854,827,27
38049,"3,088","2,919",169
38051,"1,097","1,061",36
38053,"9,367","8,659",708
38055,"4,789","4,573",216
38057,"3,616","3,408",208
38059,"16,746","15,896",850
38061,"6,880","6,526",354
38063,"1,398","1,335",63
38065,882,836,46
38067,"3,386","3,190",196
38069,"1,710","1,637",73
38071,"5,703","5,447",256
38073,"2,867","2,749",118
38075,"1,225","1,165",60
38077,"8,580","8,248",332
38079,"4,743","4,106",637
38081,"2,770","2,649",121
38083,685,644,41
38085,"1,205","1,158",47
38087,391,379,12
38089,"18,332","17,024","1,308"
38091,949,921,28
38093,"10,495","10,131",364
38095,"1,157","1,125",32
38097,"4,458","4,296",162
38099,"5,135","4,902",233
38101,"31,847","29,948","1,899"
38103,"1,920","1,836",84
38105,"23,001","20,796","2,205"
39000,"5,754,286","5,285,484","468,802"
39001,"10,981","9,968","1,013"
39003,"48,303","44,181","4,122"
39005,"26,492","24,783","1,709"
39007,"43,807","40,162","3,645"
39009,"27,207","25,214","1,993"
39011,"24,698","22,997","1,701"
39013,"28,888","25,970","2,918"
39015,"19,407","17,806","1,601"
39017,"194,077","180,029","14,048"
39019,"12,883","11,747","1,136"
39021,"19,995","18,574","1,421"
39023,"62,945","57,829","5,116"
39025,"106,237","98,953","7,284"
39027,"17,778","16,299","1,479"
39029,"47,380","42,928","4,452"
39031,"14,138","12,880","1,258"
39033,"18,698","16,949","1,749"
39035,"592,890","531,193","61,697"
39037,"25,836","24,093","1,743"
39039,"17,908","16,437","1,471"
39041,"111,352","105,395","5,957"
39043,"36,560","32,734","3,826"
39045,"78,604","73,406","5,198"
39047,"14,023","12,991","1,032"
39049,"705,149","652,631","52,518"
39051,"21,991","20,251","1,740"
39053,"12,229","11,253",976
39055,"46,329","43,210","3,119"
39057,"82,640","77,337","5,303"
39059,"18,296","16,708","1,588"
39061,"415,866","383,560","32,306"
39063,"41,803","38,943","2,860"
39065,"14,080","12,942","1,138"
39067,"6,754","6,133",621
39069,"13,093","12,028","1,065"
39071,"17,504","15,988","1,516"
39073,"12,961","12,002",959
39075,"20,977","20,163",814
39077,"27,701","25,075","2,626"
39079,"13,157","12,008","1,149"
39081,"27,496","24,721","2,775"
39083,"31,244","29,315","1,929"
39085,"120,876","110,740","10,136"
39087,"23,849","21,825","2,024"
39089,"90,688","84,753","5,935"
39091,"22,803","20,911","1,892"
39093,"149,061","134,333","14,728"
39095,"209,345","187,666","21,679"
39097,"20,834","19,598","1,236"
39099,"101,288","90,990","10,298"
39101,"28,331","26,171","2,160"
39103,"93,378","86,254","7,124"
39105,"9,072","8,200",872
39107,"23,515","22,250","1,265"
39109,"54,163","50,380","3,783"
39111,"5,719","5,113",606
39113,"253,421","231,691","21,730"
39115,"6,697","6,077",620
39117,"16,890","15,686","1,204"
39119,"40,389","37,257","3,132"
39121,"4,656","4,207",449
39123,"20,729","18,843","1,886"
39125,"8,784","8,128",656
39127,"15,961","14,622","1,339"
39129,"26,523","24,726","1,797"
39131,"10,915","9,890","1,025"
39133,"85,783","79,554","6,229"
39135,"21,175","19,757","1,418"
39137,"18,720","17,669","1,051"
39139,"52,087","47,406","4,681"
39141,"35,399","32,560","2,839"
39143,"30,192","27,737","2,455"
39145,"29,354","26,808","2,546"
39147,"27,352","25,132","2,220"
39149,"24,162","22,295","1,867"
39151,"184,149","169,291","14,858"
39153,"270,407","248,140","22,267"
39155,"85,195","76,338","8,857"
39157,"44,612","41,240","3,372"
39159,"29,408","27,702","1,706"
39161,"14,811","13,773","1,038"
39163,"5,655","5,138",517
39165,"118,838","111,257","7,581"
39167,"26,944","24,633","2,311"
39169,"60,568","57,008","3,560"
39171,"18,829","17,365","1,464"
39173,"69,444","64,533","4,911"
39175,"12,964","12,056",908
40000,"1,848,485","1,734,924","113,561"
40001,"8,392","7,904",488
40003,"2,766","2,667",99
40005,"5,179","4,814",365
40007,"2,582","2,513",69
40009,"10,075","9,315",760
40011,"4,421","4,160",261
40013,"22,473","21,330","1,143"
40015,"12,049","11,341",708
40017,"76,026","71,482","4,544"
40019,"21,557","20,051","1,506"
40021,"19,669","18,598","1,071"
40023,"5,590","5,167",423
40025,"1,420","1,392",28
40027,"142,684","134,700","7,984"
40029,"2,313","2,160",153
40031,"48,267","45,028","3,239"
40033,"2,733","2,541",192
40035,"5,859","5,544",315
40037,"31,327","29,298","2,029"
40039,"15,210","14,388",822
40041,"18,521","17,540",981
40043,"2,735","2,604",131
40045,"2,161","2,064",97
40047,"27,007","25,532","1,475"
40049,"12,841","12,045",796
40051,"26,633","25,011","1,622"
40053,"2,786","2,694",92
40055,"1,904","1,764",140
40057,"1,199","1,157",42
40059,"1,807","1,747",60
40061,"4,279","3,945",334
40063,"5,392","4,989",403
40065,"10,766","10,327",439
40067,"2,578","2,406",172
40069,"3,753","3,465",288
40071,"18,314","17,094","1,220"
40073,"8,808","8,428",380
40075,"3,544","3,367",177
40077,"3,172","2,854",318
40079,"19,186","17,848","1,338"
40081,"15,609","14,740",869
40083,"22,207","21,068","1,139"
40085,"6,605","6,328",277
40087,"19,882","18,783","1,099"
40089,"15,143","14,141","1,002"
40091,"7,142","6,541",601
40093,"3,726","3,550",176
40095,"6,850","6,409",441
40097,"19,460","18,480",980
40099,"6,186","5,804",382
40101,"29,421","27,643","1,778"
40103,"5,527","5,303",224
40105,"4,636","4,393",243
40107,"4,457","4,161",296
40109,"385,860","361,100","24,760"
40111,"15,612","14,484","1,128"
40113,"20,529","19,209","1,320"
40115,"14,399","13,581",818
40117,"7,317","6,842",475
40119,"37,979","35,983","1,996"
40121,"16,762","15,489","1,273"
40123,"19,341","18,341","1,000"
40125,"32,454","30,479","1,975"
40127,"4,474","4,176",298
40129,"1,856","1,766",90
40131,"44,897","42,291","2,606"
40133,"9,292","8,608",684
40135,"16,555","15,431","1,124"
40137,"18,635","17,198","1,437"
40139,"11,361","11,099",262
40141,"3,054","2,863",191
40143,"324,010","302,728","21,282"
40145,"38,146","35,929","2,217"
40147,"22,360","21,049","1,311"
40149,"5,154","4,809",345
40151,"4,621","4,462",159
40153,"8,998","8,395",603
41000,"2,104,657","1,945,212","159,445"
41001,"7,285","6,763",522
41003,"46,257","43,645","2,612"
41005,"218,040","202,243","15,797"
41007,"19,084","17,261","1,823"
41009,"24,061","22,155","1,906"
41011,"26,525","24,235","2,290"
41013,"10,328","9,417",911
41015,"8,944","8,170",774
41017,"97,975","90,211","7,764"
41019,"47,415","43,757","3,658"
41021,997,936,61
41023,"3,211","2,944",267
41025,"3,670","3,454",216
41027,"14,154","13,269",885
41029,"105,147","96,937","8,210"
41031,"10,330","9,482",848
41033,"36,124","33,277","2,847"
41035,"29,511","26,957","2,554"
41037,"3,647","3,441",206
41039,"178,467","164,364","14,103"
41041,"20,598","18,355","2,243"
41043,"58,819","54,251","4,568"
41045,"12,617","11,963",654
41047,"163,017","151,713","11,304"
41049,"5,717","5,422",295
41051,"457,372","418,070","39,302"
41053,"40,205","37,566","2,639"
41055,983,923,60
41057,"11,710","10,762",948
41059,"37,001","34,496","2,505"
41061,"12,053","11,109",944
41063,"3,473","3,227",246
41065,"13,430","12,477",953
41067,"321,579","300,742","20,837"
41069,693,663,30
41071,"54,221","50,557","3,664"
42000,"6,387,869","5,807,942","579,927"
42001,"54,035","50,293","3,742"
42003,"635,957","578,590","57,367"
42005,"31,451","28,377","3,074"
42007,"82,963","74,445","8,518"
42009,"23,383","21,250","2,133"
42011,"211,486","191,443","20,043"
42013,"59,205","54,053","5,152"
42015,"28,099","25,992","2,107"
42017,"338,801","310,681","28,120"
42019,"97,152","89,514","7,638"
42021,"56,235","50,872","5,363"
42023,"2,036","1,780",256
42025,"31,589","28,502","3,087"
42027,"76,416","71,955","4,461"
42029,"280,096","262,061","18,035"
42031,"16,871","15,482","1,389"
42033,"35,582","32,307","3,275"
42035,"17,701","16,159","1,542"
42037,"33,324","30,623","2,701"
42039,"38,254","34,856","3,398"
42041,"130,651","121,949","8,702"
42043,"144,428","131,661","12,767"
42045,"294,706","267,759","26,947"
42047,"15,208","13,337","1,871"
42049,"126,749","114,331","12,418"
42051,"56,337","49,743","6,594"
42053,"1,799","1,608",191
42055,"77,184","71,308","5,876"
42057,"7,710","6,820",890
42059,"15,981","14,425","1,556"
42061,"19,763","17,700","2,063"
42063,"37,666","34,238","3,428"
42065,"20,056","18,293","1,763"
42067,"12,595","11,693",902
42069,"103,832","93,870","9,962"
42071,"281,736","260,618","21,118"
42073,"40,232","36,080","4,152"
42075,"71,763","66,060","5,703"
42077,"191,388","173,080","18,308"
42079,"157,274","140,183","17,091"
42081,"55,883","50,970","4,913"
42083,"17,054","15,369","1,685"
42085,"48,048","43,397","4,651"
42087,"21,146","19,379","1,767"
42089,"81,386","71,996","9,390"
42091,"446,961","412,925","34,036"
42093,"9,043","8,489",554
42095,"158,928","144,689","14,239"
42097,"42,240","38,281","3,959"
42099,"24,128","22,499","1,629"
42101,"723,938","634,409","89,529"
42103,"24,852","22,213","2,639"
42105,"7,185","6,516",669
42107,"66,129","60,022","6,107"
42109,"19,389","17,906","1,483"
42111,"32,661","29,567","3,094"
42113,"2,597","2,376",221
42115,"19,774","18,323","1,451"
42117,"18,831","17,128","1,703"
42119,"19,314","18,009","1,305"
42121,"22,047","20,079","1,968"
42123,"18,668","17,163","1,505"
42125,"105,089","95,218","9,871"
42127,"22,103","20,076","2,027"
42129,"176,723","160,646","16,077"
42131,"13,254","12,144","1,110"
42133,"232,812","214,165","18,647"
44000,"541,680","490,845","50,835"
44001,"24,895","22,999","1,896"
44003,"88,283","80,562","7,721"
44005,"42,502","39,038","3,464"
44007,"320,264","287,648","32,616"
44009,"65,736","60,597","5,139"
45000,"2,384,590","2,237,407","147,183"
45001,"10,124","9,454",670
45003,"75,531","71,743","3,788"
45005,"2,641","2,392",249
45007,"90,877","85,475","5,402"
45009,"4,846","4,408",438
45011,"7,972","7,385",587
45013,"77,127","72,961","4,166"
45015,"104,916","99,042","5,874"
45017,"6,572","6,173",399
45019,"211,939","198,552","13,387"
45021,"25,302","23,263","2,039"
45023,"13,646","12,426","1,220"
45025,"21,834","20,511","1,323"
45027,"12,737","11,874",863
45029,"16,732","15,717","1,015"
45031,"30,521","28,542","1,979"
45033,"13,238","12,424",814
45035,"77,693","73,174","4,519"
45037,"10,799","10,247",552
45039,"9,637","8,877",760
45041,"67,150","63,406","3,744"
45043,"26,175","24,210","1,965"
45045,"255,984","241,371","14,613"
45047,"31,628","29,616","2,012"
45049,"8,234","7,823",411
45051,"147,697","134,956","12,741"
45053,"12,804","12,147",657
45055,"29,490","27,924","1,566"
45057,"42,533","39,610","2,923"
45059,"30,197","28,122","2,075"
45061,"6,812","6,293",519
45063,"150,439","143,882","6,557"
45065,"3,359","3,135",224
45067,"13,251","12,214","1,037"
45069,"9,294","8,383",911
45071,"19,201","18,280",921
45073,"35,056","33,180","1,876"
45075,"34,945","31,790","3,155"
45077,"57,109","54,072","3,037"
45079,"199,718","188,057","11,661"
45081,"8,698","8,328",370
45083,"158,701","148,274","10,427"
45085,"43,534","40,587","2,947"
45087,"12,008","10,931","1,077"
45089,"12,004","11,032",972
45091,"143,890","135,143","8,747"
46000,"463,256","441,745","21,511"
46003,"1,477","1,429",48
46005,"9,352","8,991",361
46007,"1,070","1,016",54
46009,"2,859","2,742",117
46011,"18,480","17,669",811
46013,"20,582","19,678",904
46015,"2,462","2,353",109
46017,691,636,55
46019,"4,986","4,718",268
46021,783,754,29
46023,"3,788","3,548",240
46025,"2,181","2,095",86
46027,"7,157","6,834",323
46029,"15,416","14,662",754
46031,"1,343","1,276",67
46033,"4,077","3,834",243
46035,"10,942","10,487",455
46037,"2,706","2,552",154
46039,"2,336","2,211",125
46041,"2,255","2,081",174
46043,"1,558","1,512",46
46045,"1,993","1,935",58
46047,"2,996","2,817",179
46049,"1,039","1,003",36
46051,"4,382","4,206",176
46053,"2,038","1,960",78
46055,"1,069","1,042",27
46057,"3,355","3,239",116
46059,"1,768","1,721",47
46061,"1,750","1,659",91
46063,718,692,26
46065,"9,909","9,574",335
46067,"3,618","3,481",137
46069,680,659,21
46071,"1,207","1,155",52
46073,"1,176","1,147",29
46075,508,489,19
46077,"2,661","2,563",98
46079,"6,485","6,239",246
46081,"13,567","12,726",841
46083,"35,711","34,417","1,294"
46085,"1,648","1,554",94
46087,"3,076","2,963",113
46089,"1,010",958,52
46091,"2,429","2,313",116
46093,"13,918","13,235",683
46095,708,664,44
46097,"1,144","1,089",55
46099,"113,168","108,033","5,135"
46101,"4,008","3,797",211
46102,"3,677","3,304",373
46103,"57,094","54,074","3,020"
46105,"1,382","1,330",52
46107,"1,019",986,33
46109,"4,807","4,499",308
46111,"1,159","1,112",47
46115,"3,111","2,985",126
46117,"1,891","1,817",74
46119,789,767,22
46121,"3,066","2,869",197
46123,"3,013","2,919",94
46125,"4,650","4,467",183
46127,"8,522","8,088",434
46129,"2,132","2,001",131
46135,"11,761","11,220",541
46137,944,899,45
47000,"3,289,426","3,043,894","245,532"
47001,"34,360","32,049","2,311"
47003,"20,956","19,293","1,663"
47005,"6,714","6,165",549
47007,"4,264","3,897",367
47009,"63,505","59,440","4,065"
47011,"52,651","49,151","3,500"
47013,"14,717","13,597","1,120"
47015,"6,506","6,083",423
47017,"11,851","10,977",874
47019,"23,655","22,001","1,654"
47021,"21,313","20,113","1,200"
47023,"8,390","7,912",478
47025,"12,727","11,838",889
47027,"2,721","2,500",221
47029,"14,713","13,205","1,508"
47031,"25,612","23,620","1,992"
47033,"6,836","6,436",400
47035,"22,733","20,988","1,745"
47037,"402,058","369,787","32,271"
47039,"4,455","4,072",383
47041,"7,651","6,957",694
47043,"26,354","24,799","1,555"
47045,"15,879","14,603","1,276"
47047,"18,987","17,774","1,213"
47049,"7,503","7,014",489
47051,"19,782","18,213","1,569"
47053,"21,795","20,274","1,521"
47055,"14,634","13,408","1,226"
47057,"9,480","8,793",687
47059,"28,769","26,372","2,397"
47061,"5,131","4,629",502
47063,"28,020","26,027","1,993"
47065,"182,352","169,337","13,015"
47067,"2,147","1,966",181
47069,"9,318","8,552",766
47071,"10,276","9,548",728
47073,"23,468","21,663","1,805"
47075,"7,777","7,084",693
47077,"12,010","11,051",959
47079,"13,668","12,642","1,026"
47081,"11,103","10,458",645
47083,"3,234","2,970",264
47085,"8,670","8,111",559
47087,"4,740","4,363",377
47089,"24,697","22,853","1,844"
47091,"7,682","7,186",496
47093,"242,643","228,282","14,361"
47095,"1,691","1,542",149
47097,"9,737","8,846",891
47099,"19,092","17,603","1,489"
47101,"5,325","4,924",401
47103,"16,026","14,655","1,371"
47105,"23,572","22,072","1,500"
47107,"23,393","21,579","1,814"
47109,"8,348","7,622",726
47111,"11,156","10,428",728
47113,"49,028","45,343","3,685"
47115,"12,344","11,409",935
47117,"15,374","13,978","1,396"
47119,"49,915","45,854","4,061"
47121,"5,195","4,746",449
47123,"20,090","18,479","1,611"
47125,"86,234","79,666","6,568"
47127,"3,610","3,416",194
47129,"7,654","7,153",501
47131,"12,180","11,322",858
47133,"9,689","9,074",615
47135,"2,989","2,705",284
47137,"2,241","2,104",137
47139,"7,455","6,943",512
47141,"34,970","32,661","2,309"
47143,"13,011","11,732","1,279"
47145,"23,021","21,508","1,513"
47147,"37,300","35,018","2,282"
47149,"184,368","171,731","12,637"
47151,"8,170","7,470",700
47153,"6,146","5,664",482
47155,"53,721","48,540","5,181"
47157,"447,769","404,507","43,262"
47159,"9,259","8,701",558
47161,"5,412","5,053",359
47163,"69,352","64,370","4,982"
47165,"102,069","95,424","6,645"
47167,"27,498","25,612","1,886"
47169,"5,383","5,055",328
47171,"7,083","6,497",586
47173,"7,610","7,088",522
47175,"2,011","1,836",175
47177,"17,076","15,564","1,512"
47179,"59,783","55,928","3,855"
47181,"6,414","5,957",457
47183,"15,456","14,554",902
47185,"12,011","11,155",856
47187,"126,997","120,874","6,123"
47189,"76,694","71,882","4,812"
48000,"13,983,319","12,915,337","1,067,982"
48001,"23,325","22,013","1,312"
48003,"9,220","8,466",754
48005,"35,495","32,783","2,712"
48007,"9,058","8,291",767
48009,"3,911","3,703",208
48011,914,875,39
48013,"21,822","19,979","1,843"
48015,"13,638","12,741",897
48017,"2,440","2,323",117
48019,"9,835","9,261",574
48021,"42,573","40,016","2,557"
48023,"1,767","1,705",62
48025,"9,906","8,932",974
48027,"144,558","134,459","10,099"
48029,"942,127","871,017","71,110"
48031,"6,573","6,322",251
48033,430,416,14
48035,"8,330","7,876",454
48037,"38,755","35,891","2,864"
48039,"177,709","162,442","15,267"
48041,"116,599","110,366","6,233"
48043,"4,083","3,811",272
48045,567,540,27
48047,"2,601","2,323",278
48049,"15,245","14,253",992
48051,"8,180","7,661",519
48053,"23,686","22,567","1,119"
48055,"19,322","18,096","1,226"
48057,"11,995","11,296",699
48059,"5,979","5,654",325
48061,"169,074","151,855","17,219"
48063,"5,008","4,639",369
48065,"2,930","2,808",122
48067,"12,269","11,299",970
48069,"3,320","3,200",120
48071,"19,836","17,944","1,892"
48073,"21,303","19,624","1,679"
48075,"3,054","2,940",114
48077,"4,793","4,528",265
48079,"1,114","1,035",79
48081,"1,374","1,298",76
48083,"2,886","2,673",213
48085,"570,623","534,617","36,006"
48087,"1,081","1,035",46
48089,"9,693","9,155",538
48091,"74,950","70,311","4,639"
48093,"5,618","5,309",309
48095,"1,320","1,261",59
48097,"19,370","18,001","1,369"
48099,"23,974","22,401","1,573"
48101,570,542,28
48103,"1,624","1,403",221
48105,"1,559","1,421",138
48107,"2,389","2,265",124
48109,"1,150","1,075",75
48111,"3,750","3,645",105
48113,"1,355,033","1,251,192","103,841"
48115,"4,558","4,160",398
48117,"8,567","8,257",310
48119,"2,401","2,268",133
48121,"503,962","471,296","32,666"
48123,"9,253","8,695",558
48125,671,629,42
48127,"6,487","6,074",413
48129,"1,423","1,360",63
48131,"4,864","4,275",589
48133,"7,390","6,893",497
48135,"82,852","73,736","9,116"
48137,"1,251","1,207",44
48139,"93,578","87,937","5,641"
48141,"364,085","333,991","30,094"
48143,"20,013","18,863","1,150"
48145,"6,531","6,141",390
48147,"16,772","15,984",788
48149,"11,793","11,238",555
48151,"1,605","1,533",72
48153,"2,516","2,361",155
48155,576,552,24
48157,"394,948","364,410","30,538"
48159,"4,827","4,570",257
48161,"6,348","5,820",528
48163,"9,537","8,996",541
48165,"9,720","9,177",543
48167,"164,608","150,218","14,390"
48169,"2,020","1,883",137
48171,"13,265","12,630",635
48173,797,768,29
48175,"3,161","2,917",244
48177,"9,561","9,046",515
48179,"7,783","7,150",633
48181,"64,214","60,453","3,761"
48183,"56,565","51,883","4,682"
48185,"11,082","10,191",891
48187,"80,610","75,677","4,933"
48189,"11,826","11,027",799
48191,"1,076","1,014",62
48193,"3,759","3,589",170
48195,"2,502","2,415",87
48197,"1,710","1,635",75
48199,"25,019","22,768","2,251"
48201,"2,292,759","2,088,449","204,310"
48203,"29,133","26,843","2,290"
48205,"2,633","2,579",54
48207,"2,653","2,539",114
48209,"121,304","113,639","7,665"
48211,"1,850","1,768",82
48213,"37,123","34,746","2,377"
48215,"359,969","318,076","41,893"
48217,"16,294","15,271","1,023"
48219,"10,671","9,826",845
48221,"27,578","25,745","1,833"
48223,"17,484","16,589",895
48225,"10,010","9,481",529
48227,"13,502","12,409","1,093"
48229,"1,855","1,706",149
48231,"43,506","40,659","2,847"
48233,"8,539","7,926",613
48235,752,707,45
48237,"3,393","3,155",238
48239,"7,329","6,907",422
48241,"12,883","11,440","1,443"
48243,975,925,50
48245,"105,592","93,022","12,570"
48247,"1,891","1,711",180
48249,"16,127","14,033","2,094"
48251,"82,931","77,541","5,390"
48253,"5,738","5,337",401
48255,"7,007","6,567",440
48257,"67,263","62,886","4,377"
48259,"22,123","21,007","1,116"
48261,184,174,10
48263,458,440,18
48265,"21,636","20,365","1,271"
48267,"1,809","1,717",92
48269,236,232,4
48271,"1,312","1,233",79
48273,"13,402","12,277","1,125"
48275,"1,454","1,372",82
48277,"23,507","21,989","1,518"
48279,"5,234","4,960",274
48281,"9,041","8,556",485
48283,"3,693","3,442",251
48285,"8,406","7,965",441
48287,"9,158","8,706",452
48289,"6,121","5,644",477
48291,"33,582","30,011","3,571"
48293,"8,363","7,767",596
48295,"1,541","1,477",64
48297,"5,177","4,791",386
48299,"8,479","7,993",486
48301,289,284,5
48303,"156,625","147,629","8,996"
48305,"2,740","2,591",149
48307,"3,260","3,016",244
48309,"120,347","112,937","7,410"
48311,727,707,20
48313,"4,462","4,141",321
48315,"4,271","3,920",351
48317,"2,546","2,391",155
48319,"1,726","1,630",96
48321,"16,529","14,792","1,737"
48323,"24,494","20,821","3,673"
48325,"21,461","20,110","1,351"
48327,866,821,45
48329,"98,237","90,313","7,924"
48331,"9,750","9,054",696
48333,"1,889","1,811",78
48335,"2,381","2,192",189
48337,"9,081","8,479",602
48339,"284,994","263,501","21,493"
48341,"10,578","10,180",398
48343,"4,793","4,248",545
48345,437,417,20
48347,"27,987","26,145","1,842"
48349,"23,245","21,803","1,442"
48351,"5,054","4,497",557
48353,"7,151","6,774",377
48355,"163,920","149,232","14,688"
48357,"4,071","3,835",236
48359,890,855,35
48361,"36,027","32,241","3,786"
48363,"13,267","12,339",928
48365,"9,437","8,645",792
48367,"68,141","64,129","4,012"
48369,"4,915","4,788",127
48371,"6,517","5,987",530
48373,"18,357","16,755","1,602"
48375,"54,150","51,189","2,961"
48377,"3,231","2,755",476
48379,"6,027","5,744",283
48381,"72,380","69,134","3,246"
48383,"1,815","1,639",176
48385,"1,072","1,000",72
48387,"5,144","4,817",327
48389,"8,858","8,227",631
48391,"3,083","2,831",252
48393,414,395,19
48395,"7,345","6,875",470
48397,"53,209","50,009","3,200"
48399,"4,529","4,306",223
48401,"22,127","20,508","1,619"
48403,"3,923","3,500",423
48405,"3,020","2,730",290
48407,"11,650","10,710",940
48409,"29,221","26,223","2,998"
48411,"2,193","2,079",114
48413,"1,209","1,125",84
48415,"6,251","5,739",512
48417,"1,782","1,688",94
48419,"11,274","10,502",772
48421,"1,307","1,267",40
48423,"108,544","101,201","7,343"
48425,"4,328","4,048",280
48427,"26,319","21,760","4,559"
48429,"4,020","3,775",245
48431,560,524,36
48433,576,547,29
48435,"1,229","1,109",120
48437,"2,533","2,401",132
48439,"1,082,822","1,003,269","79,553"
48441,"66,148","62,540","3,608"
48443,393,375,18
48445,"4,840","4,486",354
48447,635,604,31
48449,"13,303","12,412",891
48451,"53,742","50,336","3,406"
48453,"741,012","694,433","46,579"
48455,"5,313","4,884",429
48457,"7,372","6,645",727
48459,"17,448","16,103","1,345"
48461,"1,835","1,732",103
48463,"11,333","10,605",728
48465,"22,589","20,795","1,794"
48467,"26,130","24,529","1,601"
48469,"41,172","37,761","3,411"
48471,"24,085","22,343","1,742"
48473,"23,804","21,958","1,846"
48475,"6,171","5,589",582
48477,"15,329","14,463",866
48479,"116,195","106,376","9,819"
48481,"21,376","19,928","1,448"
48483,"2,226","2,092",134
48485,"55,306","51,620","3,686"
48487,"4,949","4,659",290
48489,"6,597","5,807",790
48491,"318,447","299,801","18,646"
48493,"24,473","23,077","1,396"
48495,"4,039","3,663",376
48497,"32,140","30,041","2,099"
48499,"17,919","16,740","1,179"
48501,"3,528","3,107",421
48503,"7,803","7,393",410
48505,"4,600","4,029",571
48507,"3,430","2,946",484
49000,"1,632,215","1,555,782","76,433"
49001,"2,831","2,719",112
49003,"26,424","25,272","1,152"
49005,"65,407","63,497","1,910"
49007,"8,575","8,130",445
49009,401,383,18
49011,"175,905","168,737","7,168"
49013,"7,782","7,179",603
49015,"4,372","4,166",206
49017,"2,634","2,365",269
49019,"6,161","5,574",587
49021,"24,994","23,879","1,115"
49023,"5,881","5,709",172
49025,"3,835","3,629",206
49027,"5,941","5,749",192
49029,"5,561","5,375",186
49031,477,447,30
49033,"1,162","1,122",40
49035,"642,357","609,766","32,591"
49037,"5,457","4,903",554
49039,"12,640","12,168",472
49041,"9,811","9,395",416
49043,"24,314","22,554","1,760"
49045,"35,084","33,417","1,667"
49047,"13,385","12,157","1,228"
49049,"314,022","302,248","11,774"
49051,"16,269","15,223","1,046"
49053,"79,208","75,007","4,201"
49055,"1,428","1,320",108
49057,"129,907","123,697","6,210"
50000,"330,058","311,645","18,413"
50001,"19,936","18,947",989
50003,"17,132","16,004","1,128"
50005,"14,156","13,337",819
50007,"93,110","88,659","4,451"
50009,"2,596","2,426",170
50011,"26,329","24,946","1,383"
50013,"4,003","3,766",237
50015,"13,376","12,328","1,048"
50017,"15,395","14,652",743
50019,"12,702","11,694","1,008"
50021,"29,383","27,352","2,031"
50023,"33,025","31,429","1,596"
50025,"21,014","19,687","1,327"
50027,"27,903","26,420","1,483"
51000,"4,346,644","4,075,237","271,407"
51001,"16,052","15,011","1,041"
51003,"55,794","52,792","3,002"
51005,"6,820","6,376",444
51007,"6,202","5,845",357
51009,"14,695","13,872",823
51011,"7,046","6,636",410
51013,"151,080","144,307","6,773"
51015,"37,046","35,344","1,702"
51017,"2,290","2,063",227
51019,"37,737","35,800","1,937"
51021,"2,811","2,653",158
51023,"17,140","16,363",777
51025,"5,951","5,477",474
51027,"6,450","5,836",614
51029,"6,317","5,850",467
51031,"25,507","24,001","1,506"
51033,"15,004","13,995","1,009"
51035,"13,153","12,078","1,075"
51036,"3,610","3,375",235
51037,"5,084","4,799",285
51041,"186,087","175,116","10,971"
51043,"7,498","7,157",341
51045,"2,286","2,170",116
51047,"24,511","23,297","1,214"
51049,"4,569","4,289",280
51051,"4,746","4,368",378
51053,"13,439","12,578",861
51057,"5,488","5,106",382
51059,"628,397","591,882","36,515"
51061,"36,812","35,091","1,721"
51063,"8,054","7,645",409
51065,"13,723","13,001",722
51067,"25,985","24,563","1,422"
51069,"48,636","46,376","2,260"
51071,"7,739","7,255",484
51073,"19,249","18,204","1,045"
51075,"11,142","10,600",542
51077,"8,104","7,644",460
51079,"10,198","9,664",534
51081,"4,239","3,952",287
51083,"15,176","14,109","1,067"
51085,"57,934","55,136","2,798"
51087,"180,321","168,617","11,704"
51089,"23,810","21,994","1,816"
51091,"1,239","1,193",46
51093,"19,092","18,115",977
51095,"36,558","34,031","2,527"
51097,"3,867","3,669",198
51099,"13,819","13,202",617
51101,"9,067","8,576",491
51103,"5,370","4,981",389
51105,"8,304","7,772",532
51107,"223,194","211,258","11,936"
51109,"19,944","18,909","1,035"
51111,"5,266","4,988",278
51113,"7,306","7,026",280
51115,"4,052","3,852",200
51117,"12,679","11,818",861
51119,"5,134","4,872",262
51121,"48,670","46,340","2,330"
51125,"7,304","6,895",409
51127,"12,503","11,930",573
51131,"5,409","4,988",421
51133,"5,686","5,326",360
51135,"7,150","6,784",366
51137,"17,061","16,102",959
51139,"12,021","11,147",874
51141,"7,235","6,739",496
51143,"29,943","28,010","1,933"
51145,"13,976","13,299",677
51147,"10,067","9,415",652
51149,"14,897","13,928",969
51153,"245,929","229,901","16,028"
51155,"16,092","14,824","1,268"
51157,"3,688","3,521",167
51159,"4,048","3,851",197
51161,"48,720","46,231","2,489"
51163,"10,467","9,892",575
51165,"41,525","39,573","1,952"
51167,"11,210","10,468",742
51169,"8,958","8,484",474
51171,"22,129","20,963","1,166"
51173,"13,384","12,523",861
51175,"9,063","8,614",449
51177,"67,201","63,166","4,035"
51179,"72,341","68,242","4,099"
51181,"3,603","3,396",207
51183,"3,771","3,450",321
51185,"15,520","14,335","1,185"
51187,"20,258","19,077","1,181"
51191,"25,953","24,457","1,496"
51193,"9,473","8,915",558
51195,"13,076","12,080",996
51197,"13,827","12,760","1,067"
51199,"32,390","30,587","1,803"
51510,"100,168","94,157","6,011"
51520,"7,316","6,750",566
51530,"3,114","2,935",179
51540,"25,424","23,785","1,639"
51550,"122,036","114,556","7,480"
51570,"8,480","7,877",603
51580,"2,412","2,181",231
51590,"19,250","17,379","1,871"
51595,"2,344","2,083",261
51600,"13,038","12,304",734
51610,"8,284","7,970",314
51620,"3,640","3,332",308
51630,"14,020","13,017","1,003"
51640,"2,881","2,658",223
51650,"64,604","59,090","5,514"
51660,"24,259","22,712","1,547"
51670,"9,811","8,758","1,053"
51678,"2,049","1,906",143
51680,"36,015","33,405","2,610"
51683,"21,684","20,278","1,406"
51685,"9,483","8,835",648
51690,"5,670","5,051",619
51700,"89,715","81,929","7,786"
51710,"111,825","102,074","9,751"
51720,"1,660","1,536",124
51730,"13,459","11,582","1,877"
51735,"6,249","5,988",261
51740,"44,701","40,428","4,273"
51750,"8,457","7,922",535
51760,"119,962","109,370","10,592"
51770,"49,174","45,388","3,786"
51775,"12,671","11,938",733
51790,"12,247","11,480",767
51800,"44,546","41,643","2,903"
51810,"230,322","215,991","14,331"
51820,"10,700","10,002",698
51830,"6,705","6,153",552
51840,"14,912","14,041",871
53000,"3,914,869","3,585,782","329,087"
53001,"9,261","8,584",677
53003,"10,383","9,845",538
53005,"103,143","94,682","8,461"
53007,"44,190","40,497","3,693"
53009,"29,280","26,303","2,977"
53011,"242,578","221,896","20,682"
53013,"1,724","1,599",125
53015,"48,522","43,999","4,523"
53017,"21,225","19,420","1,805"
53019,"2,469","2,184",285
53021,"42,497","38,664","3,833"
53023,819,750,69
53025,"47,442","43,247","4,195"
53027,"29,055","25,653","3,402"
53029,"36,303","33,305","2,998"
53031,"13,081","11,850","1,231"
53033,"1,286,608","1,190,168","96,440"
53035,"129,092","119,140","9,952"
53037,"22,085","20,087","1,998"
53039,"9,810","9,002",808
53041,"35,103","31,819","3,284"
53043,"4,681","4,363",318
53045,"25,517","23,009","2,508"
53047,"19,581","17,822","1,759"
53049,"8,524","7,610",914
53051,"4,958","4,428",530
53053,"450,196","406,822","43,374"
53055,"8,379","7,714",665
53057,"62,498","56,374","6,124"
53059,"5,515","5,006",509
53061,"441,156","403,863","37,293"
53063,"257,308","234,789","22,519"
53065,"18,545","16,799","1,746"
53067,"144,312","132,365","11,947"
53069,"1,409","1,285",124
53071,"30,165","28,096","2,069"
53073,"114,716","103,992","10,724"
53075,"21,984","20,683","1,301"
53077,"130,759","118,071","12,688"
54000,"792,156","726,023","66,133"
54001,"7,335","6,729",606
54003,"58,337","54,709","3,628"
54005,"7,469","6,685",784
54007,"5,220","4,678",542
54009,"9,901","9,012",889
54011,"41,946","38,604","3,342"
54013,"2,535","2,128",407
54015,"3,153","2,759",394
54017,"3,847","3,605",242
54019,"16,264","14,642","1,622"
54021,"2,342","2,106",236
54023,"5,969","5,580",389
54025,"15,680","14,416","1,264"
54027,"10,847","10,253",594
54029,"13,131","11,814","1,317"
54031,"5,865","5,445",420
54033,"34,090","31,381","2,709"
54035,"12,780","11,684","1,096"
54037,"30,084","28,298","1,786"
54039,"82,800","75,431","7,369"
54041,"6,337","5,649",688
54043,"7,293","6,564",729
54045,"11,181","9,820","1,361"
54047,"4,478","3,914",564
54049,"25,363","23,168","2,195"
54051,"13,610","12,260","1,350"
54053,"10,356","9,479",877
54055,"20,957","18,989","1,968"
54057,"12,249","11,323",926
54059,"6,862","5,884",978
54061,"54,613","51,146","3,467"
54063,"6,079","5,648",431
54065,"8,362","7,857",505
54067,"9,571","8,587",984
54069,"20,439","18,715","1,724"
54071,"3,710","3,529",181
54073,"2,720","2,417",303
54075,"3,827","3,473",354
54077,"15,525","14,394","1,131"
54079,"27,080","25,075","2,005"
54081,"30,524","27,800","2,724"
54083,"12,364","11,230","1,134"
54085,"4,399","4,031",368
54087,"5,128","4,490",638
54089,"4,376","4,033",343
54091,"7,816","7,240",576
54093,"3,292","3,013",279
54095,"3,173","2,845",328
54097,"9,650","8,726",924
54099,"15,838","14,510","1,328"
54101,"3,328","3,016",312
54103,"6,747","6,083",664
54105,"2,282","2,037",245
54107,"36,445","33,221","3,224"
54109,"6,591","5,901",690
55000,"3,065,402","2,872,609","192,793"
55001,"8,047","7,281",766
55003,"7,686","7,035",651
55005,"23,873","22,413","1,460"
55007,"7,399","6,711",688
55009,"140,454","132,013","8,441"
55011,"6,336","5,865",471
55013,"7,157","6,509",648
55015,"27,096","25,825","1,271"
55017,"32,978","30,930","2,048"
55019,"17,401","16,615",786
55021,"31,281","29,438","1,843"
55023,"7,453","6,908",545
55025,"319,433","304,154","15,279"
55027,"47,213","44,729","2,484"
55029,"14,905","13,886","1,019"
55031,"22,886","20,786","2,100"
55033,"23,606","22,303","1,303"
55035,"58,299","55,064","3,235"
55037,"2,191","2,016",175
55039,"56,114","52,828","3,286"
55041,"3,890","3,407",483
55043,"27,311","25,875","1,436"
55045,"20,555","19,570",985
55047,"9,253","8,616",637
55049,"13,502","12,678",824
55051,"2,547","2,261",286
55053,"9,877","8,959",918
55055,"45,213","42,762","2,451"
55057,"13,280","12,327",953
55059,"88,499","82,200","6,299"
55061,"10,661","10,172",489
55063,"64,982","61,467","3,515"
55065,"9,785","9,365",420
55067,"9,285","8,684",601
55069,"14,677","13,805",872
55071,"40,419","37,911","2,508"
55073,"72,313","68,711","3,602"
55075,"19,504","17,981","1,523"
55077,"7,650","7,136",514
55078,"1,649","1,396",253
55079,"463,420","425,483","37,937"
55081,"23,363","22,075","1,288"
55083,"20,241","18,962","1,279"
55085,"17,800","16,508","1,292"
55087,"102,786","97,137","5,649"
55089,"47,963","45,366","2,597"
55091,"4,080","3,839",241
55093,"24,779","23,054","1,725"
55095,"24,408","22,658","1,750"
55097,"37,491","35,475","2,016"
55099,"6,209","5,785",424
55101,"97,155","90,104","7,051"
55103,"9,009","8,551",458
55105,"84,935","78,908","6,027"
55107,"6,581","6,144",437
55109,"49,739","46,223","3,516"
55111,"34,355","31,770","2,585"
55113,"7,910","7,289",621
55115,"20,791","19,463","1,328"
55117,"61,510","57,996","3,514"
55119,"10,905","10,372",533
55121,"15,607","14,512","1,095"
55123,"14,896","14,119",777
55125,"10,221","9,480",741
55127,"56,322","52,906","3,416"
55129,"7,777","7,240",537
55131,"75,700","71,445","4,255"
55133,"220,498","208,246","12,252"
55135,"25,439","24,028","1,411"
55137,"11,080","10,378",702
55139,"91,236","86,270","4,966"
55141,"34,538","32,233","2,305"
56000,"296,801","279,462","17,339"
56001,"19,726","18,946",780
56003,"5,381","5,112",269
56005,"23,439","21,822","1,617"
56007,"8,111","7,743",368
56009,"8,163","7,677",486
56011,"3,908","3,757",151
56013,"19,326","18,120","1,206"
56015,"6,639","6,355",284
56017,"2,249","2,136",113
56019,"4,192","3,960",232
56021,"50,826","48,231","2,595"
56023,"9,373","8,907",466
56025,"40,710","37,529","3,181"
56027,"1,265","1,217",48
56029,"15,380","14,549",831
56031,"4,651","4,418",233
56033,"16,210","15,409",801
56035,"4,059","3,765",294
56037,"20,840","19,308","1,532"
56039,"15,204","14,292",912
56041,"9,312","8,730",582
56043,"4,004","3,793",211
56045,"3,836","3,688",148
72000,"1,090,852","1,000,363","90,489"
72001,"4,162","3,525",637
72003,"11,946","10,743","1,203"
72005,"14,492","13,002","1,490"
72007,"6,517","5,917",600
72009,"6,469","5,793",676
72011,"8,884","8,136",748
72013,"23,904","21,615","2,289"
72015,"4,718","4,088",630
72017,"5,961","5,290",671
72019,"7,417","6,776",641
72021,"64,570","60,505","4,065"
72023,"13,595","12,416","1,179"
72025,"47,657","44,425","3,232"
72027,"9,507","8,694",813
72029,"16,114","15,056","1,058"
72031,"60,960","57,370","3,590"
72033,"7,761","7,201",560
72035,"16,082","14,952","1,130"
72037,"3,673","3,289",384
72039,"3,677","3,270",407
72041,"15,452","14,397","1,055"
72043,"9,981","8,758","1,223"
72045,"4,898","4,461",437
72047,"8,920","8,105",815
72049,906,878,28
72051,"13,253","12,500",753
72053,"10,865","9,696","1,169"
72054,"3,310","2,950",360
72055,"3,977","3,387",590
72057,"11,148","9,805","1,343"
72059,"5,065","4,364",701
72061,"37,411","35,875","1,536"
72063,"18,385","17,346","1,039"
72065,"13,700","12,033","1,667"
72067,"5,406","4,942",464
72069,"17,172","15,441","1,731"
72071,"12,451","11,329","1,122"
72073,"4,248","3,650",598
72075,"15,144","13,640","1,504"
72077,"12,366","11,337","1,029"
72079,"5,183","4,520",663
72081,"6,962","5,936","1,026"
72083,"2,643","2,336",307
72085,"11,415","10,402","1,013"
72087,"8,346","7,707",639
72089,"6,201","5,612",589
72091,"11,446","10,532",914
72093,"1,917","1,655",262
72095,"2,928","2,486",442
72097,"21,765","19,459","2,306"
72099,"10,497","9,400","1,097"
72101,"8,013","7,286",727
72103,"8,236","7,508",728
72105,"7,079","6,482",597
72107,"4,946","4,440",506
72109,"4,340","3,663",677
72111,"5,884","5,052",832
72113,"45,320","40,924","4,396"
72115,"6,089","5,380",709
72117,"4,774","4,120",654
72119,"16,901","15,667","1,234"
72121,"6,105","5,307",798
72123,"7,153","6,120","1,033"
72125,"9,672","8,578","1,094"
72127,"132,528","125,141","7,387"
72129,"11,685","10,660","1,025"
72131,"10,329","8,922","1,407"
72133,"8,837","7,867",970
72135,"27,320","25,782","1,538"
72137,"28,938","27,261","1,677"
72139,"26,910","25,600","1,310"
72141,"6,654","5,903",751
72143,"9,751","8,959",792
72145,"13,172","11,910","1,262"
72147,"2,616","2,433",183
72149,"7,492","6,307","1,185"
72151,"8,840","7,685","1,155"
72153,"9,849","8,407","1,442"