FIPS,Poverty_ALL,Median_Household_Income
1000,"747,478","51,771"
1001,"6,723","58,233"
1003,"22,360","59,871"
1005,"5,909","35,972"
1007,"4,101","47,918"
1009,"9,324","52,902"
1011,"2,537","31,906"
1013,"4,124","39,944"
1015,"18,988","47,747"
1017,"6,415","42,015"
1019,"4,121","45,982"
1021,"7,044","49,692"
1023,"2,811","39,808"
1025,"4,281","43,822"
1027,"2,156","40,562"
1029,"1,945","51,276"
1031,"7,734","57,299"
1033,"7,998","46,683"
1035,"2,662","41,539"
1037,"1,789","42,024"
1039,"6,269","44,836"
1041,"2,289","43,309"
1043,"10,088","50,897"
1045,"8,727","45,120"
1047,"9,533","34,034"
1049,"12,848","44,277"
1051,"8,753","62,310"
1053,"6,980","42,712"
1055,"18,801","43,047"
1057,"2,721","44,212"
1059,"4,989","44,874"
1061,"4,180","43,089"
1063,"2,553","28,699"
1065,"2,956","40,745"
1067,"2,919","48,597"
1069,"20,207","50,138"
1071,"7,481","44,322"
1073,"104,288","54,127"
1075,"2,070","42,686"
1077,"14,193","48,188"
1079,"5,773","47,797"
1081,"24,731","54,160"
1083,"11,535","64,729"
1085,"2,555","33,930"
1087,"4,817","34,281"
1089,"41,789","68,609"
1091,"4,601","38,838"
1093,"4,883","44,675"
1095,"14,989","48,913"
1097,"71,784","49,492"
1099,"4,770","40,005"
1101,"34,268","52,711"
1103,"16,146","54,355"
1105,"2,778","29,572"
1107,"4,380","40,249"
1109,"6,742","41,271"
1111,"3,906","42,922"
1113,"10,823","43,670"
1115,"9,780","65,403"
1117,"13,428","77,801"
1119,"4,195","29,209"
1121,"13,326","47,719"
1123,"6,341","47,100"
1125,"32,226","52,307"
1127,"10,837","45,991"
1129,"2,998","48,864"
1131,"3,329","30,998"
1133,"3,882","40,827"
2000,"73,033","77,203"
2013,492,"66,923"
2016,414,"84,726"
2020,"26,636","82,512"
2050,"4,249","48,262"
2060,80,"87,950"
2068,132,"78,434"
2070,883,"57,436"
2090,"6,656","74,076"
2100,247,"62,548"
2105,336,"53,141"
2110,"1,951","85,419"
2122,"5,966","68,625"
2130,"1,283","75,706"
2150,909,"79,669"
2158,"2,217","35,369"
2164,275,"51,693"
2170,"10,142","75,856"
2180,"2,033","58,464"
2185,"1,109","84,784"
2188,"1,805","61,660"
2195,219,"71,296"
2198,"1,085","50,049"
2220,672,"80,660"
2230,47,"74,898"
2240,823,"69,646"
2261,781,"74,574"
2275,240,"62,496"
2282,85,"61,587"
2290,"1,266","42,063"
4000,"963,007","62,027"
4001,"23,680","35,386"
4003,"20,172","48,650"
4005,"20,817","58,301"
4007,"11,219","45,980"
4009,"7,207","50,685"
4011,876,"68,066"
4012,"4,593","39,407"
4013,"539,670","68,634"
4015,"33,183","49,712"
4017,"27,440","40,676"
4019,"142,859","56,150"
4021,"52,975","62,067"
4023,"8,688","47,779"
4025,"27,845","54,242"
4027,"41,782","47,024"
5000,"468,575","49,020"
5001,"2,714","52,539"
5003,"3,603","47,744"
5005,"5,248","41,950"
5007,"24,525","70,775"
5009,"5,572","50,083"
5011,"2,426","39,982"
5013,771,"48,415"
5015,"4,118","43,841"
5017,"2,900","37,014"
5019,"3,971","44,105"
5021,"2,691","40,686"
5023,"3,452","46,214"
5025,"1,080","53,773"
5027,"4,509","42,964"
5029,"3,215","46,924"
5031,"17,960","47,766"
5033,"11,436","44,600"
5035,"10,520","41,976"
5037,"2,874","45,273"
5039,"1,241","41,314"
5041,"2,859","37,005"
5043,"3,191","44,162"
5045,"17,459","58,482"
5047,"2,830","45,670"
5049,"2,169","32,926"
5051,"16,532","45,786"
5053,"2,189","58,566"
5055,"6,925","47,098"
5057,"3,930","40,867"
5059,"6,322","45,860"
5061,"2,176","41,427"
5063,"5,852","47,903"
5065,"2,003","40,233"
5067,"3,313","38,636"
5069,"14,942","40,555"
5071,"4,521","40,396"
5073,"1,655","37,164"
5075,"2,887","39,604"
5077,"2,515","30,421"
5079,"2,567","44,272"
5081,"2,157","43,257"
5083,"3,640","42,249"
5085,"7,760","62,782"
5087,"2,699","48,016"
5089,"2,687","38,760"
5091,"5,909","50,905"
5093,"9,128","39,990"
5095,"1,681","34,289"
5097,"1,756","39,591"
5099,"1,951","36,528"
5101,"1,386","37,648"
5103,"3,969","46,393"
5105,"1,710","50,560"
5107,"5,841","31,521"
5109,"1,769","44,426"
5111,"5,339","40,536"
5113,"3,991","39,722"
5115,"10,218","47,519"
5117,"1,190","46,205"
5119,"56,020","52,684"
5121,"3,036","42,875"
5123,"6,679","34,389"
5125,"11,665","66,944"
5127,"1,983","38,065"
5129,"1,740","34,712"
5131,"19,923","48,945"
5133,"2,962","43,493"
5135,"4,007","37,591"
5137,"2,378","36,930"
5139,"7,216","46,602"
5141,"3,235","38,096"
5143,"34,731","52,158"
5145,"11,613","46,388"
5147,"1,678","36,568"
5149,"3,265","44,469"
6000,"4,560,419","80,423"
6001,"146,315","107,589"
6003,193,"58,112"
6005,"3,462","62,640"
6007,"34,503","58,394"
6009,"5,477","68,248"
6011,"2,554","59,048"
6013,"90,482","106,555"
6015,"4,445","48,979"
6017,"16,649","86,202"
6019,"200,873","56,926"
6021,"3,397","55,682"
6023,"25,136","51,134"
6025,"38,020","48,102"
6027,"2,071","59,605"
6029,"164,817","53,245"
6031,"21,840","57,297"
6033,"11,622","46,897"
6035,"3,789","53,613"
6037,"1,319,242","72,721"
6039,"26,309","61,105"
6041,"17,357","112,069"
6043,"2,565","52,760"
6045,"11,980","52,309"
6047,"46,011","59,733"
6049,"1,757","45,311"
6051,"1,437","66,226"
6053,"52,484","76,509"
6055,"9,897","90,230"
6057,"9,268","69,550"
6059,"297,658","95,761"
6061,"26,170","97,688"
6063,"2,432","59,376"
6065,"274,953","72,905"
6067,"192,993","71,891"
6069,"6,518","84,209"
6071,"284,359","67,398"
6073,"335,034","83,576"
6075,"82,616","121,795"
6077,"101,772","68,458"
6079,"31,180","76,599"
6081,"46,328","135,234"
6083,"51,298","74,530"
6085,"116,401","132,444"
6087,"27,531","85,770"
6089,"23,508","61,464"
6091,375,"55,862"
6093,"7,484","45,954"
6095,"39,018","85,704"
6097,"34,758","87,084"
6099,"70,741","62,761"
6101,"12,310","60,910"
6103,"10,484","51,672"
6105,"1,986","43,881"
6107,"86,940","56,776"
6109,"5,781","64,729"
6111,"68,482","91,446"
6113,"35,608","70,951"
6115,"11,748","56,607"
8000,"531,331","77,104"
8001,"47,464","75,341"
8003,"3,019","38,213"
8005,"47,072","82,364"
8007,"1,502","57,604"
8009,675,"38,945"
8011,"1,354","35,764"
8013,"33,965","88,341"
8014,"2,865","106,892"
8015,"2,070","60,331"
8017,243,"52,337"
8019,709,"79,900"
8021,"1,624","40,944"
8023,955,"34,731"
8025,"1,249","38,224"
8027,577,"57,381"
8029,"4,602","51,525"
8031,"86,020","75,456"
8033,262,"50,232"
8035,"9,622","123,697"
8037,"4,365","89,268"
8039,"1,514","101,733"
8041,"61,692","72,675"
8043,"6,361","52,239"
8045,"5,694","73,788"
8047,421,"74,806"
8049,"1,271","71,029"
8051,"1,920","60,408"
8053,72,"61,391"
8055,"1,349","39,955"
8057,175,"53,577"
8059,"41,258","89,696"
8061,188,"46,901"
8063,927,"42,951"
8065,913,"56,850"
8067,"6,127","77,829"
8069,"35,894","75,332"
8071,"2,407","43,452"
8073,793,"43,077"
8075,"2,389","58,429"
8077,"16,840","60,249"
8079,72,"63,015"
8081,"1,611","63,232"
8083,"3,856","52,641"
8085,"5,565","50,707"
8087,"3,386","57,535"
8089,"4,297","43,723"
8091,342,"72,836"
8093,"1,602","77,221"
8095,435,"53,432"
8097,"1,099","92,820"
8099,"2,159","47,051"
8101,"29,187","51,075"
8103,624,"65,960"
8105,"1,591","48,496"
8107,"1,820","87,691"
8109,"1,726","37,004"
8111,99,"50,524"
8113,804,"77,209"
8115,323,"42,808"
8117,"1,963","86,570"
8119,"1,990","70,599"
8121,556,"53,263"
8123,"26,547","78,160"
8125,"1,255","52,841"
9000,"343,101","78,920"
9001,"83,047","96,966"
9003,"93,694","75,336"
9005,"12,741","81,015"
9007,"11,024","81,721"
9009,"99,423","69,687"
9011,"19,739","75,226"
9013,"10,559","90,181"
9015,"12,874","63,309"
10000,"106,227","70,348"
10001,"22,195","58,804"
10003,"56,289","76,076"
10005,"27,742","64,839"
11000,"94,985","90,395"
11001,"94,985","90,395"
12000,"2,681,832","59,198"
12001,"46,916","49,880"
12003,"3,914","60,454"
12005,"20,643","58,376"
12007,"5,011","47,509"
12009,"55,578","57,582"
12011,"237,486","61,429"
12013,"2,508","41,399"
12015,"21,188","54,756"
12017,"22,291","49,762"
12019,"18,095","75,776"
12021,"35,928","76,415"
12023,"10,338","47,087"
12027,"7,626","41,673"
12029,"3,338","39,793"
12031,"126,963","58,339"
12033,"46,519","52,822"
12035,"11,049","62,831"
12037,"1,995","47,504"
12039,"8,472","42,975"
12041,"2,601","46,171"
12043,"2,377","45,412"
12045,"1,848","53,228"
12047,"3,794","39,241"
12049,"5,614","41,430"
12051,"8,086","45,107"
12053,"23,779","50,705"
12055,"16,519","45,723"
12057,"195,684","61,133"
12059,"3,587","38,874"
12061,"18,179","61,173"
12063,"7,769","40,543"
12065,"2,276","47,192"
12067,"1,289","45,480"
12069,"39,419","57,660"
12071,"85,295","62,364"
12073,"58,203","55,081"
12075,"7,458","41,405"
12077,"1,453","44,236"
12079,"3,732","37,919"
12081,"44,991","64,151"
12083,"52,950","49,079"
12085,"14,000","70,806"
12086,"419,056","54,991"
12087,"7,239","67,528"
12089,"7,951","72,818"
12091,"21,866","63,520"
12093,"7,189","45,225"
12095,"171,599","63,133"
12097,"49,803","52,270"
12099,"168,026","66,621"
12101,"61,716","55,745"
12103,"108,948","56,708"
12105,"99,590","51,817"
12107,"16,318","41,986"
12109,"16,829","90,839"
12111,"34,008","57,292"
12113,"17,435","66,139"
12115,"33,144","66,258"
12117,"43,741","69,954"
12119,"11,078","63,464"
12121,"7,144","49,453"
12123,"3,792","42,987"
12125,"2,065","50,893"
12127,"70,554","53,554"
12129,"3,651","58,640"
12131,"7,740","62,600"
12133,"4,587","42,518"
13000,"1,397,607","61,950"
13001,"3,737","43,821"
13003,"1,887","38,581"
13005,"2,080","41,807"
13007,749,"39,515"
13009,"8,934","44,429"
13011,"2,454","53,481"
13013,"8,021","68,924"
13015,"13,243","60,254"
13017,"3,738","35,931"
13019,"3,843","42,058"
13021,"33,912","43,066"
13023,"2,112","48,115"
13025,"3,056","44,680"
13027,"3,372","39,554"
13029,"3,073","79,296"
13031,"15,945","48,788"
13033,"5,197","42,632"
13035,"3,217","47,410"
13037,"1,608","34,960"
13039,"7,219","58,552"
13043,"2,427","41,665"
13045,"17,148","59,193"
13047,"6,704","60,753"
13049,"2,804","42,891"
13051,"40,565","57,122"
13053,"1,547","46,106"
13055,"4,085","41,561"
13057,"16,725","88,635"
13059,"30,277","41,036"
13061,797,"24,732"
13063,"45,655","50,737"
13065,"1,435","42,928"
13067,"62,275","79,622"
13069,"8,048","41,675"
13071,"9,738","41,899"
13073,"8,747","88,285"
13075,"3,654","40,670"
13077,"13,318","79,232"
13079,"1,875","50,411"
13081,"5,830","40,482"
13083,"2,038","45,986"
13085,"2,267","69,155"
13087,"5,915","40,473"
13089,"95,805","63,606"
13091,"3,853","41,118"
13093,"3,236","37,109"
13095,"23,192","36,894"
13097,"15,842","62,915"
13099,"2,733","40,011"
13101,861,"40,408"
13103,"5,784","71,628"
13105,"3,897","40,962"
13107,"4,441","38,529"
13109,"2,459","41,425"
13111,"3,144","47,980"
13113,"6,105","94,563"
13115,"15,537","50,520"
13117,"11,024","113,332"
13119,"3,887","47,691"
13121,"141,979","79,235"
13123,"4,543","57,007"
13125,486,"49,350"
13127,"12,943","58,017"
13129,"7,001","53,373"
13131,"5,276","42,603"
13133,"2,709","60,973"
13135,"85,810","72,225"
13137,"6,515","51,296"
13139,"27,137","66,698"
13141,"2,225","31,715"
13143,"4,223","49,020"
13145,"2,270","74,052"
13147,"3,717","50,647"
13149,"1,958","48,984"
13151,"18,819","72,927"
13153,"17,079","65,641"
13155,"1,699","42,317"
13157,"7,418","66,645"
13159,"1,748","59,207"
13161,"3,169","40,603"
13163,"3,710","35,379"
13165,"2,162","32,808"
13167,"1,931","37,771"
13169,"3,629","56,819"
13171,"2,641","57,402"
13173,"1,871","42,667"
13175,"11,049","42,018"
13177,"2,715","72,425"
13179,"8,680","51,410"
13181,"1,357","45,299"
13183,"2,726","52,051"
13185,"22,685","46,450"
13187,"4,432","57,078"
13189,"3,792","44,473"
13191,"2,671","46,682"
13193,"3,249","34,634"
13195,"4,608","52,326"
13197,"1,745","41,190"
13199,"4,634","43,571"
13201,"1,193","41,769"
13205,"6,048","37,383"
13207,"2,787","70,488"
13209,"1,619","43,657"
13211,"2,109","67,089"
13213,"5,755","50,061"
13215,"34,694","47,035"
13217,"12,348","58,222"
13219,"2,236","100,878"
13221,"1,922","54,346"
13223,"11,461","76,580"
13225,"5,203","49,815"
13227,"3,327","66,183"
13229,"3,157","46,701"
13231,"1,615","74,905"
13233,"6,816","47,896"
13235,"2,048","42,274"
13237,"3,316","62,282"
13239,523,"35,522"
13241,"2,181","46,639"
13243,"1,635","33,505"
13245,"41,081","44,810"
13247,"10,873","60,281"
13249,834,"51,129"
13251,"3,239","42,331"
13253,"1,808","38,618"
13255,"11,537","49,237"
13257,"3,794","45,416"
13259,"1,702","34,566"
13261,"7,420","40,250"
13263,"1,210","41,045"
13265,345,"37,046"
13267,"5,507","41,457"
13269,"1,810","28,234"
13271,"3,516","36,264"
13273,"2,325","37,122"
13275,"7,894","47,978"
13277,"8,380","47,764"
13279,"5,086","41,442"
13281,"1,376","49,023"
13283,"2,043","37,478"
13285,"13,009","47,296"
13287,"2,132","35,400"
13289,"1,522","44,079"
13291,"2,800","57,049"
13293,"4,932","40,926"
13295,"10,034","47,548"
13297,"10,070","67,007"
13299,"8,742","37,642"
13301,"1,372","37,313"
13303,"3,940","41,674"
13305,"5,116","47,382"
13307,477,"41,547"
13309,"1,821","35,927"
13311,"3,259","54,786"
13313,"13,110","53,115"
13315,"1,991","38,261"
13317,"1,875","39,716"
13319,"1,491","43,902"
13321,"4,061","43,142"
15000,"124,650","83,734"
15001,"26,071","64,929"
15003,"74,282","86,946"
15007,"6,659","73,029"
15009,"17,638","77,375"
16000,"193,741","60,830"
16001,"44,023","72,295"
16003,539,"50,042"
16005,"11,554","53,306"
16007,717,"54,550"
16009,"1,415","49,303"
16011,"5,145","59,959"
16013,"1,657","75,778"
16015,899,"64,443"
16017,"5,689","56,729"
16019,"10,953","65,165"
16021,"1,794","50,709"
16023,376,"51,742"
16025,99,"56,014"
16027,"22,828","58,670"
16029,718,"61,518"
16031,"2,843","53,284"
16033,122,"48,726"
16035,"1,082","49,816"
16037,556,"49,055"
16039,"3,758","47,796"
16041,"1,122","55,421"
16043,"1,598","56,162"
16045,"2,266","53,733"
16047,"2,285","50,205"
16049,"2,227","48,866"
16051,"2,723","63,078"
16053,"3,429","56,320"
16055,"16,374","62,764"
16057,"4,353","54,999"
16059,"1,070","46,062"
16061,502,"45,342"
16063,592,"50,608"
16065,"10,731","46,177"
16067,"2,361","56,173"
16069,"4,372","67,645"
16071,507,"55,833"
16073,"1,736","48,395"
16075,"2,615","53,643"
16077,998,"50,981"
16079,"2,426","39,239"
16081,931,"73,637"
16083,"9,420","56,141"
16085,995,"64,041"
16087,"1,345","45,813"
17000,"1,415,838","69,212"
17001,"7,786","55,942"
17003,"1,361","37,408"
17005,"1,920","53,447"
17007,"4,701","72,426"
17009,674,"60,254"
17011,"3,594","57,935"
17013,452,"63,373"
17015,"1,560","56,468"
17017,"1,554","51,011"
17019,"38,566","53,485"
17021,"3,769","51,573"
17023,"1,636","58,323"
17025,"1,793","49,377"
17027,"2,645","67,201"
17029,"7,957","50,467"
17031,"659,687","69,375"
17033,"2,170","50,352"
17035,"1,075","53,991"
17037,"12,909","64,676"
17039,"1,683","59,521"
17041,"1,544","64,283"
17043,"54,833","96,354"
17045,"2,220","51,333"
17047,744,"54,930"
17049,"3,087","58,943"
17051,"2,961","48,913"
17053,"1,256","55,369"
17055,"6,199","43,695"
17057,"4,181","50,461"
17059,911,"46,515"
17061,"1,730","52,116"
17063,"2,827","83,135"
17065,"1,017","51,031"
17067,"2,149","53,724"
17069,683,"44,573"
17071,724,"55,535"
17073,"4,164","61,680"
17075,"3,083","51,542"
17077,"13,551","37,308"
17079,942,"59,980"
17081,"5,267","50,531"
17083,"2,171","63,351"
17085,"1,965","62,522"
17087,"1,435","55,022"
17089,"43,305","84,311"
17091,"13,271","60,763"
17093,"5,195","105,586"
17095,"8,490","43,404"
17097,"49,130","92,638"
17099,"12,837","59,528"
17101,"2,442","47,114"
17103,"3,724","57,619"
17105,"4,319","54,422"
17107,"3,124","53,806"
17109,"6,134","49,048"
17111,"16,380","89,379"
17113,"23,034","69,230"
17115,"16,762","52,259"
17117,"5,934","54,174"
17119,"28,284","66,591"
17121,"5,456","52,291"
17123,"1,007","63,628"
17125,"1,592","51,967"
17127,"2,143","54,159"
17129,986,"77,306"
17131,"1,233","62,241"
17133,"1,423","90,904"
17135,"4,140","51,665"
17137,"4,209","55,937"
17139,"1,218","65,472"
17141,"4,684","63,565"
17143,"25,825","57,717"
17145,"2,650","56,880"
17147,"1,054","72,265"
17149,"2,164","54,309"
17151,688,"46,478"
17153,"1,171","38,506"
17155,435,"74,367"
17157,"3,499","58,444"
17159,"1,980","49,775"
17161,"18,669","57,772"
17163,"33,979","57,726"
17165,"3,556","48,547"
17167,"23,367","61,768"
17169,753,"56,015"
17171,545,"61,231"
17173,"2,000","61,376"
17175,587,"54,804"
17177,"4,997","51,786"
17179,"10,576","66,206"
17181,"2,835","51,575"
17183,"12,253","46,295"
17185,"1,533","54,249"
17187,"1,805","53,621"
17189,"1,099","64,297"
17191,"2,116","51,829"
17193,"1,906","51,388"
17195,"6,176","50,880"
17197,"44,518","90,249"
17199,"8,627","56,958"
17201,"44,613","59,510"
17203,"2,269","77,117"
18000,"773,367","57,617"
18001,"4,444","53,532"
18003,"39,176","56,838"
18005,"9,205","71,181"
18007,752,"55,016"
18009,"1,474","46,811"
18011,"4,619","84,137"
18013,"1,565","59,617"
18015,"1,739","58,965"
18017,"4,630","51,777"
18019,"11,267","59,441"
18021,"2,920","54,349"
18023,"3,545","55,336"
18025,"1,723","44,332"
18027,"3,686","56,611"
18029,"4,546","71,351"
18031,"2,502","60,891"
18033,"4,040","59,714"
18035,"22,680","45,912"
18037,"2,465","63,869"
18039,"19,316","55,782"
18041,"3,059","48,499"
18043,"8,161","64,614"
18045,"2,000","55,337"
18047,"2,073","67,315"
18049,"1,876","55,011"
18051,"3,050","61,872"
18053,"9,713","47,509"
18055,"4,242","51,918"
18057,"14,199","107,710"
18059,"3,978","77,905"
18061,"3,276","64,270"
18063,"8,123","85,827"
18065,"5,709","49,293"
18067,"9,880","54,048"
18069,"3,407","54,565"
18071,"4,391","59,472"
18073,"2,854","65,352"
18075,"2,510","49,447"
18077,"3,476","53,378"
18079,"3,169","55,022"
18081,"9,294","74,427"
18083,"4,381","48,760"
18085,"6,996","64,677"
18087,"2,943","70,746"
18089,"69,073","57,280"
18091,"13,771","56,427"
18093,"4,670","56,261"
18095,"16,056","54,145"
18097,"143,107","50,707"
18099,"4,947","53,695"
18101,"1,098","56,735"
18103,"4,162","53,658"
18105,"27,710","53,113"
18107,"4,478","54,366"
18109,"6,201","63,414"
18111,"1,300","61,457"
18113,"3,662","60,980"
18115,554,"58,294"
18117,"2,728","47,931"
18119,"2,447","53,387"
18121,"2,308","51,554"
18123,"2,113","53,908"
18125,"1,140","52,378"
18127,"13,421","74,064"
18129,"2,167","68,435"
18131,"1,357","52,432"
18133,"3,408","64,098"
18135,"3,222","50,496"
18137,"2,525","61,219"
18139,"1,785","54,371"
18141,"39,848","53,881"
18143,"3,194","50,571"
18145,"4,414","59,798"
18147,"1,728","59,183"
18149,"3,046","54,001"
18151,"2,846","59,444"
18153,"2,643","53,375"
18155,"1,529","52,482"
18157,"28,780","51,228"
18159,"1,166","69,960"
18161,667,"53,866"
18163,"25,190","51,603"
18165,"1,859","50,723"
18167,"20,241","48,082"
18169,"3,163","59,874"
18171,766,"64,109"
18173,"3,888","79,644"
18175,"3,325","51,948"
18177,"9,577","47,885"
18179,"2,041","61,636"
18181,"2,429","58,295"
18183,"2,559","67,347"
19000,"337,156","61,807"
19001,750,"57,977"
19003,450,"53,385"
19005,"1,745","56,240"
19007,"2,373","41,672"
19009,587,"53,197"
19011,"1,964","70,023"
19013,"17,407","60,010"
19015,"2,227","63,975"
19017,"1,581","67,229"
19019,"1,984","67,906"
19021,"1,903","57,048"
19023,"1,492","57,080"
19025,"1,032","57,007"
19027,"1,631","61,379"
19029,"1,798","53,692"
19031,"1,433","71,029"
19033,"3,504","54,589"
19035,"1,105","59,901"
19037,"1,012","60,111"
19039,"1,078","57,708"
19041,"1,627","57,174"
19043,"1,910","53,223"
19045,"6,009","56,865"
19047,"2,074","58,077"
19049,"3,956","97,535"
19051,"1,021","57,150"
19053,"1,309","44,873"
19055,"1,450","70,091"
19057,"5,703","53,547"
19059,"1,192","66,211"
19061,"10,030","62,481"
19063,999,"55,635"
19065,"2,489","53,142"
19067,"1,802","55,369"
19069,"1,105","55,847"
19071,789,"60,498"
19073,986,"55,562"
19075,659,"73,683"
19077,929,"64,965"
19079,"1,320","63,234"
19081,945,"62,030"
19083,"1,689","57,103"
19085,"1,206","63,901"
19087,"2,142","57,747"
19089,865,"58,028"
19091,"1,010","56,695"
19093,704,"58,249"
19095,"1,056","66,861"
19097,"2,362","57,687"
19099,"2,968","67,317"
19101,"2,386","51,741"
19103,"22,937","67,295"
19105,"1,844","63,399"
19107,"1,150","54,937"
19109,"1,506","59,568"
19111,"4,859","51,089"
19113,"24,600","64,783"
19115,999,"60,544"
19117,"1,263","53,085"
19119,858,"66,139"
19121,"1,114","72,578"
19123,"2,316","59,242"
19125,"2,636","66,381"
19127,"4,947","55,631"
19129,"1,283","72,679"
19131,961,"61,247"
19133,"1,028","53,104"
19135,811,"56,397"
19137,"1,279","52,715"
19139,"4,249","61,767"
19141,"1,365","60,298"
19143,544,"60,702"
19145,"2,020","52,179"
19147,952,"55,074"
19149,"1,796","69,165"
19151,654,"56,146"
19153,"48,468","67,331"
19155,"10,002","60,322"
19157,"1,951","57,741"
19159,713,"50,890"
19161,903,"59,392"
19163,"20,016","65,724"
19165,970,"60,498"
19167,"2,272","71,566"
19169,"13,727","64,151"
19171,"2,168","56,281"
19173,753,"51,510"
19175,"1,433","52,914"
19177,895,"50,425"
19179,"4,842","50,533"
19181,"3,621","79,557"
19183,"1,971","63,230"
19185,"1,211","49,962"
19187,"4,005","53,344"
19189,"1,011","50,258"
19191,"1,549","65,482"
19193,"12,882","58,419"
19195,711,"60,139"
19197,"1,364","54,251"
20000,"319,931","62,028"
20001,"2,067","46,690"
20003,982,"51,352"
20005,"2,051","51,860"
20007,593,"50,660"
20009,"3,345","50,754"
20011,"2,185","47,452"
20013,"1,454","47,558"
20015,"5,460","66,199"
20017,285,"51,022"
20019,518,"43,664"
20021,"3,016","47,682"
20023,301,"47,323"
20025,238,"59,085"
20027,780,"52,781"
20029,"1,123","46,299"
20031,903,"62,715"
20033,187,"47,854"
20035,"4,416","51,537"
20037,"6,828","42,723"
20039,361,"46,878"
20041,"1,764","58,066"
20043,810,"52,596"
20045,"17,127","62,559"
20047,322,"49,047"
20049,481,"41,930"
20051,"3,596","51,237"
20053,490,"56,988"
20055,"4,647","57,412"
20057,"4,522","54,604"
20059,"2,594","55,984"
20061,"3,586","58,978"
20063,246,"52,986"
20065,288,"48,912"
20067,743,"65,178"
20069,448,"69,077"
20071,131,"58,492"
20073,873,"44,876"
20075,332,"55,857"
20077,751,"47,540"
20079,"3,058","62,961"
20081,379,"62,477"
20083,184,"58,360"
20085,"1,410","60,615"
20087,"1,456","68,549"
20089,369,"46,017"
20091,"31,666","91,913"
20093,389,"67,301"
20095,783,"56,907"
20097,281,"49,588"
20099,"3,027","44,170"
20101,157,"60,315"
20103,"6,255","75,840"
20105,350,"47,557"
20107,"1,148","62,876"
20109,274,"53,538"
20111,"4,790","49,840"
20113,"1,991","65,834"
20115,"1,191","51,771"
20117,896,"55,858"
20119,380,"64,640"
20121,"2,294","74,428"
20123,630,"51,979"
20125,"4,807","44,240"
20127,582,"54,775"
20129,292,"56,175"
20131,872,"63,373"
20133,"2,426","49,533"
20135,283,"54,727"
20137,527,"49,739"
20139,"2,231","55,655"
20141,445,"46,351"
20143,553,"58,729"
20145,755,"65,141"
20147,565,"51,546"
20149,"1,735","73,685"
20151,981,"53,980"
20153,352,"50,768"
20155,"7,882","53,371"
20157,553,"47,082"
20159,"1,042","56,350"
20161,"13,334","51,996"
20163,509,"49,485"
20165,362,"53,189"
20167,974,"46,112"
20169,"6,514","56,741"
20171,372,"62,914"
20173,"64,061","60,014"
20175,"2,969","55,727"
20177,"16,817","59,451"
20179,294,"54,627"
20181,725,"54,000"
20183,407,"45,915"
20185,559,"51,007"
20187,206,"63,401"
20189,524,"61,264"
20191,"2,542","53,618"
20193,670,"58,652"
20195,295,"52,597"
20197,472,"66,168"
20199,181,"54,714"
20201,502,"46,263"
20203,230,"54,009"
20205,"1,110","46,243"
20207,440,"43,751"
20209,"33,777","47,292"
21000,"692,875","52,256"
21001,"3,832","37,650"
21003,"3,543","47,307"
21005,"2,294","61,308"
21007,"1,195","48,053"
21009,"8,697","44,859"
21011,"2,397","42,248"
21013,"7,569","30,940"
21015,"9,435","78,806"
21017,"2,736","47,046"
21019,"9,186","50,017"
21021,"4,119","53,644"
21023,"1,156","53,289"
21025,"3,609","33,407"
21027,"3,675","46,069"
21029,"6,294","66,335"
21031,"2,261","46,305"
21033,"1,982","44,144"
21035,"5,875","45,574"
21037,"9,833","66,520"
21039,725,"49,659"
21041,"1,569","51,672"
21043,"5,207","43,492"
21045,"3,938","34,751"
21047,"12,219","46,390"
21049,"4,627","55,428"
21051,"5,905","30,175"
21053,"2,353","34,005"
21055,"1,646","44,595"
21057,"1,492","34,897"
21059,"15,213","52,620"
21061,"1,925","47,482"
21063,"1,775","34,262"
21065,"3,161","35,004"
21067,"47,657","58,981"
21069,"3,065","43,943"
21071,"9,632","35,828"
21073,"5,680","58,917"
21075,"1,412","34,376"
21077,"1,167","55,273"
21079,"2,741","51,757"
21081,"3,256","55,210"
21083,"6,551","48,038"
21085,"5,175","43,771"
21087,"2,010","38,896"
21089,"5,490","52,179"
21091,"1,055","60,626"
21093,"11,476","57,711"
21095,"7,918","30,050"
21097,"2,845","51,475"
21099,"3,767","42,718"
21101,"7,172","53,199"
21103,"2,337","51,806"
21105,703,"52,331"
21107,"7,829","48,769"
21109,"3,655","34,940"
21111,"106,552","59,025"
21113,"5,744","62,533"
21115,"5,575","31,202"
21117,"18,352","68,692"
21119,"4,291","32,613"
21121,"9,538","31,634"
21123,"2,160","49,785"
21125,"12,793","44,033"
21127,"3,546","38,055"
21129,"2,220","30,905"
21131,"3,106","32,202"
21133,"6,158","32,435"
21135,"3,036","37,410"
21137,"4,770","43,220"
21139,"1,110","50,521"
21141,"4,080","48,902"
21143,"1,015","52,978"
21145,"9,947","48,219"
21147,"5,319","32,701"
21149,"1,268","51,184"
21151,"15,284","50,316"
21153,"3,528","32,045"
21155,"3,148","48,062"
21157,"3,596","57,945"
21159,"3,353","34,291"
21161,"2,619","47,861"
21163,"3,206","54,946"
21165,"1,661","37,457"
21167,"2,990","55,267"
21169,"2,241","38,978"
21171,"2,263","36,512"
21173,"4,373","52,903"
21175,"2,997","37,433"
21177,"5,425","45,049"
21179,"4,773","64,795"
21181,"1,236","38,084"
21183,"3,672","47,542"
21185,"3,070","101,152"
21187,"1,703","51,494"
21189,"1,528","28,727"
21191,"1,791","58,962"
21193,"6,080","38,000"
21195,"13,523","36,875"
21197,"2,593","41,760"
21199,"14,392","43,568"
21201,450,"47,017"
21203,"3,425","40,790"
21205,"4,976","44,068"
21207,"3,990","44,056"
21209,"4,795","74,719"
21211,"4,449","71,737"
21213,"2,264","52,931"
21215,"1,403","79,863"
21217,"3,997","48,485"
21219,"2,060","47,742"
21221,"2,119","49,955"
21223,996,"58,998"
21225,"2,455","49,870"
21227,"19,308","53,238"
21229,"1,723","51,286"
21231,"4,736","34,449"
21233,"2,032","49,079"
21235,"7,763","38,191"
21237,"2,108","32,773"
21239,"2,162","67,815"
22000,"847,739","51,108"
22001,"12,365","44,728"
22003,"4,610","47,111"
22005,"12,011","83,072"
22007,"4,071","51,763"
22009,"8,980","38,316"
22011,"5,167","55,343"
22013,"3,137","37,198"
22015,"20,339","54,080"
22017,"56,480","45,613"
22019,"37,742","53,050"
22021,"1,818","44,007"
22023,949,"60,317"
22025,"2,275","36,794"
22027,"4,135","36,497"
22029,"4,873","36,276"
22031,"4,898","47,347"
22033,"76,011","56,303"
22035,"2,221","29,943"
22037,"3,130","50,041"
22039,"9,115","35,146"
22041,"4,990","35,484"
22043,"3,610","49,544"
22045,"15,059","47,731"
22047,"5,370","55,198"
22049,"2,827","43,232"
22051,"62,709","55,909"
22053,"5,877","47,988"
22055,"39,646","60,053"
22057,"16,755","54,145"
22059,"2,300","51,014"
22061,"12,361","41,608"
22063,"16,700","63,852"
22065,"3,855","32,229"
22067,"7,449","34,922"
22069,"7,047","49,536"
22071,"88,917","45,092"
22073,"35,315","43,235"
22075,"3,450","60,795"
22077,"4,312","48,011"
22079,"23,052","49,687"
22081,"1,970","39,806"
22083,"4,810","39,586"
22085,"4,296","45,486"
22087,"8,967","45,806"
22089,"5,824","71,579"
22091,"1,952","43,376"
22093,"3,455","57,250"
22095,"6,780","54,944"
22097,"18,256","39,599"
22099,"9,811","47,247"
22101,"11,532","40,918"
22103,"29,707","71,526"
22105,"28,408","47,860"
22107,"1,247","31,436"
22109,"20,691","51,719"
22111,"4,187","44,617"
22113,"10,017","50,193"
22115,"6,850","51,652"
22117,"11,062","35,505"
22119,"10,967","38,386"
22121,"3,734","65,344"
22123,"2,177","42,614"
22125,"2,261","65,296"
22127,"2,852","43,166"
23000,"141,566","58,824"
23001,"10,871","58,958"
23003,"10,052","40,675"
23005,"22,333","75,254"
23007,"3,653","51,136"
23009,"5,695","58,926"
23011,"13,605","55,358"
23013,"4,174","55,910"
23015,"3,727","58,619"
23017,"7,414","50,344"
23019,"17,894","50,702"
23021,"2,717","43,509"
23023,"3,054","65,841"
23025,"9,059","45,333"
23027,"5,318","51,073"
23029,"6,009","39,068"
23031,"15,990","66,803"
24000,"537,717","86,644"
24001,"10,038","48,170"
24003,"32,641","100,916"
24005,"71,496","76,972"
24009,"5,216","111,056"
24011,"3,990","60,143"
24013,"8,359","101,810"
24015,"10,469","75,307"
24017,"10,268","102,510"
24019,"5,160","48,709"
24021,"14,538","102,951"
24023,"3,644","59,253"
24025,"16,851","91,492"
24027,"16,216","121,329"
24029,"2,242","65,615"
24031,"75,836","110,012"
24033,"76,853","85,357"
24035,"2,967","101,350"
24037,"8,494","89,123"
24039,"4,775","38,731"
24041,"3,210","75,714"
24043,"17,545","59,785"
24045,"15,845","54,351"
24047,"5,103","65,821"
24510,"115,961","49,780"
25000,"631,551","85,700"
25001,"13,595","82,686"
25003,"13,321","58,805"
25005,"62,413","69,857"
25007,"1,249","76,036"
25009,"68,255","83,253"
25011,"6,403","60,143"
25013,"62,331","59,918"
25015,"15,342","74,142"
25017,"108,177","106,543"
25019,620,"96,030"
25021,"40,148","106,851"
25023,"37,885","90,584"
25025,"126,266","75,843"
25027,"75,546","77,795"
26000,"1,264,445","59,522"
26001,"1,846","41,491"
26003,"1,020","52,285"
26005,"12,648","66,568"
26007,"3,894","43,676"
26009,"2,216","58,317"
26011,"2,528","44,017"
26013,984,"48,371"
26015,"4,749","67,703"
26017,"13,645","50,130"
26019,"1,685","56,934"
26021,"23,806","50,659"
26023,"5,462","52,255"
26025,"18,085","50,205"
26027,"7,558","55,029"
26029,"2,510","58,831"
26031,"3,716","47,876"
26033,"5,966","49,610"
26035,"5,982","42,480"
26037,"6,164","72,666"
26039,"1,933","49,114"
26041,"4,844","48,880"
26043,"2,457","53,751"
26045,"8,093","65,891"
26047,"3,029","59,456"
26049,"66,557","50,554"
26051,"3,401","46,458"
26053,"2,325","39,030"
26055,"6,638","65,041"
26057,"5,035","51,046"
26059,"6,771","50,015"
26061,"4,828","45,006"
26063,"4,190","49,126"
26065,"47,655","54,704"
26067,"6,792","59,582"
26069,"3,495","43,605"
26071,"1,473","46,814"
26073,"14,755","46,677"
26075,"20,500","56,001"
26077,"34,247","56,739"
26079,"2,478","47,620"
26081,"72,323","66,560"
26083,217,"47,318"
26085,"2,342","38,044"
26087,"8,674","66,415"
26089,"1,541","72,888"
26091,"11,037","55,466"
26093,"8,415","87,827"
26095,969,"45,464"
26097,"1,507","44,986"
26099,"74,273","65,051"
26101,"2,862","50,047"
26103,"7,321","54,913"
26105,"3,992","49,869"
26107,"7,976","47,705"
26109,"3,029","49,189"
26111,"7,920","69,859"
26113,"1,633","51,317"
26115,"15,223","64,341"
26117,"7,559","52,089"
26119,"1,321","40,126"
26121,"22,745","50,730"
26123,"7,576","51,772"
26125,"96,558","81,257"
26127,"3,880","52,319"
26129,"3,768","41,347"
26131,755,"45,531"
26133,"3,376","47,343"
26135,"1,258","44,594"
26137,"2,429","52,392"
26139,"22,048","69,827"
26141,"1,344","47,339"
26143,"3,636","42,546"
26145,"34,239","48,471"
26147,"16,375","60,208"
26149,"7,779","54,024"
26151,"5,528","49,917"
26153,"1,138","50,256"
26155,"7,344","55,633"
26157,"5,948","52,342"
26159,"9,697","58,733"
26161,"44,991","76,728"
26163,"341,821","50,753"
26165,"4,118","53,146"
27000,"491,782","74,529"
27001,"1,947","51,936"
27003,"21,793","83,363"
27005,"3,447","61,311"
27007,"7,357","54,638"
27009,"3,465","63,395"
27011,533,"52,692"
27013,"9,729","60,408"
27015,"1,763","62,904"
27017,"3,114","65,749"
27019,"4,492","101,891"
27021,"3,359","54,267"
27023,"1,210","54,984"
27025,"3,403","84,811"
27027,"7,283","64,874"
27029,"1,002","54,896"
27031,484,"58,664"
27033,"1,182","53,725"
27035,"6,749","60,384"
27037,"26,714","89,075"
27039,"1,159","86,436"
27041,"2,375","67,592"
27043,"1,615","54,193"
27045,"1,940","62,716"
27047,"2,858","56,716"
27049,"3,248","71,497"
27051,519,"55,247"
27053,"120,032","82,323"
27055,"1,430","64,920"
27057,"2,386","56,064"
27059,"2,761","77,963"
27061,"4,946","58,660"
27063,953,"57,915"
27065,"1,632","63,595"
27067,"4,136","64,129"
27069,386,"62,762"
27071,"1,559","52,545"
27073,614,"56,825"
27075,945,"61,082"
27077,337,"56,244"
27079,"2,027","75,519"
27081,556,"55,328"
27083,"2,609","63,849"
27085,"2,224","64,380"
27087,"1,158","46,702"
27089,691,"59,793"
27091,"2,041","54,602"
27093,"1,807","63,812"
27095,"2,914","59,262"
27097,"2,944","61,847"
27099,"4,539","55,276"
27101,682,"61,007"
27103,"3,146","71,067"
27105,"2,334","57,300"
27107,647,"53,961"
27109,"10,482","80,631"
27111,"6,331","59,901"
27113,"1,342","55,870"
27115,"3,219","55,684"
27117,986,"55,405"
27119,"3,266","60,582"
27121,982,"59,442"
27123,"66,340","68,652"
27125,397,"58,384"
27127,"1,433","60,097"
27129,"1,418","59,110"
27131,"4,919","72,438"
27133,785,"63,451"
27135,902,"62,924"
27137,"24,428","60,228"
27139,"6,157","108,718"
27141,"5,170","95,323"
27143,"1,574","66,757"
27145,"17,305","66,449"
27147,"2,262","68,603"
27149,"1,061","59,045"
27151,864,"60,127"
27153,"2,874","51,746"
27155,374,"57,602"
27157,"1,803","63,435"
27159,"1,658","50,663"
27161,"1,569","63,907"
27163,"11,924","100,857"
27165,"1,081","57,290"
27167,551,"69,890"
27169,"5,165","64,219"
27171,"7,079","91,374"
27173,910,"61,074"
28000,"559,764","45,928"
28001,"7,891","34,583"
28003,"6,251","43,496"
28005,"2,537","41,575"
28007,"4,290","36,905"
28009,"1,685","37,875"
28011,"10,665","30,309"
28013,"2,428","38,648"
28015,"1,641","44,885"
28017,"3,755","37,533"
28019,"1,693","41,146"
28021,"2,875","31,221"
28023,"3,573","42,826"
28025,"5,635","33,653"
28027,"8,210","30,242"
28029,"6,082","42,299"
28031,"3,897","42,076"
28033,"17,313","67,450"
28035,"16,776","40,224"
28037,"1,496","41,420"
28039,"3,961","51,858"
28041,"2,389","48,641"
28043,"4,162","40,561"
28045,"7,869","50,401"
28047,"35,341","49,619"
28049,"44,973","44,773"
28051,"5,447","26,348"
28053,"2,949","28,464"
28055,353,"30,944"
28057,"2,868","49,214"
28059,"21,371","53,414"
28061,"3,333","40,923"
28063,"1,910","30,871"
28065,"2,676","32,077"
28067,"15,816","41,733"
28069,"2,430","33,472"
28071,"8,642","54,034"
28073,"10,059","62,606"
28075,"15,208","41,604"
28077,"2,466","43,668"
28079,"5,007","41,007"
28081,"12,271","50,803"
28083,"9,631","29,687"
28085,"6,564","45,062"
28087,"9,836","49,251"
28089,"10,541","70,824"
28091,"5,661","38,402"
28093,"6,777","43,107"
28095,"6,211","42,464"
28097,"2,285","38,475"
28099,"6,228","41,795"
28101,"4,163","42,962"
28103,"2,989","32,916"
28105,"14,067","41,631"
28107,"7,738","40,655"
28109,"9,767","45,874"
28111,"2,358","43,106"
28113,"10,040","35,044"
28115,"5,041","48,910"
28117,"3,814","43,465"
28119,"2,322","29,318"
28121,"16,526","67,284"
28123,"5,485","41,532"
28125,"1,415","31,138"
28127,"4,656","47,664"
28129,"2,988","46,296"
28131,"3,144","47,187"
28133,"7,156","32,948"
28135,"4,304","31,915"
28137,"4,114","50,188"
28139,"3,500","44,696"
28141,"3,242","43,341"
28143,"2,666","33,993"
28145,"3,694","49,320"
28147,"3,063","35,465"
28149,"9,016","46,606"
28151,"14,550","31,018"
28153,"4,447","39,036"
28155,"1,631","46,110"
28157,"2,340","32,612"
28159,"4,441","37,596"
28161,"2,906","40,515"
28163,"8,253","34,817"
29000,"766,238","57,375"
29001,"4,308","43,044"
29003,"1,559","62,823"
29005,648,"50,516"
29007,"3,797","45,609"
29009,"6,569","47,155"
29011,"1,737","46,397"
29013,"2,674","48,442"
29015,"3,208","42,144"
29017,"1,734","45,868"
29019,"29,399","58,029"
29021,"13,094","49,216"
29023,"9,362","41,327"
29025,"1,197","52,872"
29027,"4,735","58,720"
29029,"6,149","51,460"
29031,"10,909","57,618"
29033,"1,183","50,628"
29035,"1,176","36,383"
29037,"8,226","73,882"
29039,"2,529","38,427"
29041,901,"50,589"
29043,"9,091","63,400"
29045,943,"46,001"
29047,"22,470","70,705"
29049,"1,968","64,541"
29051,"7,628","61,847"
29053,"1,896","56,957"
29055,"3,656","48,315"
29057,"1,180","42,421"
29059,"2,954","42,389"
29061,"1,425","48,197"
29063,"1,329","53,997"
29065,"2,917","45,540"
29067,"2,434","39,773"
29069,"7,569","38,880"
29071,"9,546","61,428"
29073,"1,671","53,751"
29075,740,"53,663"
29077,"40,634","45,313"
29079,"1,774","44,323"
29081,"1,266","43,016"
29083,"3,729","46,995"
29085,"1,712","32,934"
29087,508,"47,429"
29089,"1,205","49,923"
29091,"8,213","40,177"
29093,"2,046","39,292"
29095,"94,823","57,907"
29097,"22,258","46,021"
29099,"18,767","68,779"
29101,"5,724","58,396"
29103,645,"41,755"
29105,"5,544","43,969"
29107,"3,430","62,264"
29109,"6,046","45,746"
29111,"1,503","40,782"
29113,"5,456","69,178"
29115,"2,207","45,774"
29117,"1,984","49,065"
29119,"4,173","39,615"
29121,"1,842","45,717"
29123,"1,982","43,919"
29125,"1,229","49,712"
29127,"3,776","50,803"
29129,453,"44,343"
29131,"3,818","49,252"
29133,"3,130","36,802"
29135,"1,617","57,321"
29137,"1,143","48,399"
29139,"1,482","50,282"
29141,"3,594","44,473"
29143,"3,758","42,115"
29145,"7,511","53,251"
29147,"3,302","47,419"
29149,"2,132","35,356"
29151,"1,199","60,728"
29153,"2,056","36,019"
29155,"4,178","34,280"
29157,"1,710","57,032"
29159,"5,349","48,516"
29161,"7,069","46,573"
29163,"2,802","49,089"
29165,"5,451","84,456"
29167,"6,005","44,837"
29169,"6,185","55,620"
29171,725,"42,434"
29173,"1,026","63,419"
29175,"3,710","48,043"
29177,"2,076","61,678"
29179,"1,333","37,415"
29181,"2,581","35,788"
29183,"18,379","89,236"
29185,"1,771","39,319"
29186,"1,698","61,662"
29187,"10,201","43,886"
29189,"90,474","70,161"
29195,"3,357","47,324"
29197,953,"43,183"
29199,688,"46,871"
29201,"6,730","44,924"
29203,"1,827","36,477"
29205,906,"45,939"
29207,"5,249","42,363"
29209,"4,873","50,262"
29211,935,"43,421"
29213,"6,818","49,314"
29215,"4,923","38,914"
29217,"3,367","46,182"
29219,"3,521","63,726"
29221,"5,269","41,198"
29223,"2,620","35,397"
29225,"6,236","54,844"
29227,292,"45,023"
29229,"3,534","39,384"
29510,"59,238","46,309"
30000,"130,974","57,248"
30001,"1,302","49,771"
30003,"3,430","43,718"
30005,"1,401","44,090"
30007,556,"60,622"
30009,"1,078","57,585"
30011,175,"49,057"
30013,"11,259","51,732"
30015,857,"48,017"
30017,"1,427","49,379"
30019,180,"50,001"
30021,955,"56,677"
30023,"1,350","41,780"
30025,272,"65,651"
30027,"1,418","48,703"
30029,"9,689","61,334"
30031,"11,486","73,731"
30033,206,"43,106"
30035,"3,449","41,808"
30037,155,"40,469"
30039,417,"49,646"
30041,"2,517","51,881"
30043,967,"70,929"
30045,290,"49,401"
30047,"5,181","49,019"
30049,"6,393","66,075"
30051,425,"41,240"
30053,"3,440","43,669"
30055,238,"48,551"
30057,823,"56,579"
30059,282,"43,946"
30061,681,"43,928"
30063,"13,748","57,279"
30065,758,"48,290"
30067,"1,940","51,740"
30069,72,"42,081"
30071,557,"47,679"
30073,995,"48,542"
30075,227,"47,843"
30077,846,"49,387"
30079,138,"46,663"
30081,"4,859","57,209"
30083,945,"69,095"
30085,"2,617","38,409"
30087,"1,437","58,139"
30089,"1,994","45,193"
30091,399,"51,111"
30093,"5,175","49,249"
30095,887,"68,186"
30097,380,"55,259"
30099,799,"54,458"
30101,650,"49,448"
30103,85,"51,754"
30105,932,"51,869"
30107,377,"42,059"
30109,106,"51,145"
30111,"17,752","61,435"
31000,"186,402","63,290"
31001,"3,181","55,182"
31003,761,"50,771"
31005,63,"46,417"
31007,84,"54,706"
31009,74,"45,411"
31011,509,"58,204"
31013,"1,096","61,522"
31015,263,"46,548"
31017,337,"48,843"
31019,"5,480","64,759"
31021,636,"54,554"
31023,644,"63,310"
31025,"1,361","72,915"
31027,707,"60,400"
31029,348,"57,656"
31031,601,"50,677"
31033,884,"56,229"
31035,647,"63,829"
31037,868,"62,472"
31039,774,"59,505"
31041,"1,252","51,004"
31043,"2,083","61,010"
31045,"1,280","46,377"
31047,"2,762","56,839"
31049,201,"48,793"
31051,480,"57,324"
31053,"3,349","60,853"
31055,"57,105","67,264"
31057,223,"45,446"
31059,448,"60,440"
31061,421,"49,659"
31063,321,"55,712"
31065,557,"50,705"
31067,"2,363","56,817"
31069,272,"41,158"
31071,231,"52,707"
31073,172,"64,870"
31075,60,"60,773"
31077,286,"48,178"
31079,"6,123","57,371"
31081,593,"68,236"
31083,366,"53,362"
31085,138,"46,399"
31087,309,"49,451"
31089,"1,098","54,474"
31091,54,"50,093"
31093,641,"56,881"
31095,655,"56,740"
31097,448,"54,567"
31099,488,"64,461"
31101,885,"51,478"
31103,152,"46,010"
31105,433,"52,284"
31107,986,"53,676"
31109,"32,535","61,383"
31111,"3,682","60,924"
31113,66,"53,108"
31115,100,"51,559"
31117,62,"52,033"
31119,"3,446","58,275"
31121,832,"53,411"
31123,598,"49,982"
31125,351,"55,853"
31127,768,"55,343"
31129,458,"48,624"
31131,"1,304","66,293"
31133,334,"47,006"
31135,269,"63,443"
31137,873,"61,420"
31139,655,"67,465"
31141,"2,960","62,804"
31143,354,"66,462"
31145,"1,231","50,260"
31147,946,"50,207"
31149,184,"53,905"
31151,"1,212","59,937"
31153,"10,930","84,016"
31155,"1,462","71,086"
31157,"4,494","50,263"
31159,"1,138","72,291"
31161,738,"46,159"
31163,362,"48,735"
31165,185,"47,983"
31167,410,"62,045"
31169,527,"52,439"
31171,100,"51,401"
31173,"1,769","48,891"
31175,425,"47,981"
31177,"1,386","75,197"
31179,987,"57,655"
31181,414,"49,518"
31183,96,"50,207"
31185,"1,205","59,749"
32000,"384,900","63,268"
32001,"2,871","56,335"
32003,"296,767","62,131"
32005,"3,930","76,296"
32007,"5,714","83,287"
32009,120,"50,675"
32011,201,"71,541"
32013,"1,829","73,106"
32015,602,"81,239"
32017,674,"58,782"
32019,"5,831","59,406"
32021,708,"43,771"
32023,"7,317","48,490"
32027,864,"58,562"
32029,290,"88,003"
32031,"49,598","71,733"
32033,"1,126","60,086"
32510,"6,458","58,126"
33000,"98,310","78,571"
33001,"5,139","68,752"
33003,"4,370","64,495"
33005,"6,977","65,326"
33007,"4,062","49,156"
33009,"7,601","62,468"
33011,"30,494","82,862"
33013,"9,194","75,800"
33015,"15,522","91,416"
33017,"10,645","71,486"
33019,"4,305","63,518"
34000,"795,676","85,786"
34001,"29,057","62,678"
34003,"52,980","107,971"
34005,"24,961","88,443"
34007,"53,641","73,168"
34009,"8,853","66,565"
34011,"19,261","54,179"
34013,"107,745","64,522"
34015,"21,602","87,996"
34017,"90,976","77,738"
34019,"4,794","117,275"
34021,"41,600","79,475"
34023,"68,514","92,770"
34025,"37,725","102,579"
34027,"25,678","116,328"
34029,"53,950","75,627"
34031,"65,342","76,039"
34033,"7,000","68,146"
34035,"17,409","112,722"
34037,"7,180","100,281"
34039,"50,094","79,953"
34041,"7,313","83,998"
35000,"358,526","52,021"
35001,"103,458","56,148"
35003,723,"37,190"
35005,"11,376","43,687"
35006,"6,137","40,436"
35007,"1,961","42,754"
35009,"8,868","45,623"
35011,323,"34,746"
35013,"50,726","43,618"
35015,"6,474","63,671"
35017,"4,772","43,175"
35019,874,"36,554"
35021,96,"38,162"
35023,942,"37,322"
35025,"10,399","63,012"
35027,"2,657","47,254"
35028,683,"122,001"
35029,"5,488","32,544"
35031,"21,294","36,404"
35033,956,"36,968"
35035,"13,054","43,135"
35037,"1,781","34,596"
35039,"8,542","44,579"
35041,"3,257","44,928"
35043,"14,627","71,118"
35045,"24,358","46,201"
35047,"6,239","36,986"
35049,"18,378","61,791"
35051,"2,899","33,661"
35053,"4,171","39,582"
35055,"5,922","43,032"
35057,"3,198","39,532"
35059,684,"38,221"
35061,"13,210","54,867"
36000,"2,471,760","72,038"
36001,"33,970","69,408"
36003,"7,491","49,411"
36005,"361,834","41,470"
36007,"31,962","52,179"
36009,"10,821","50,783"
36011,"10,058","58,055"
36013,"19,896","50,143"
36015,"11,221","58,400"
36017,"6,368","51,894"
36019,"10,950","59,069"
36021,"5,883","71,563"
36023,"7,542","55,143"
36025,"5,290","51,038"
36027,"23,693","84,564"
36029,"118,386","60,620"
36031,"4,338","55,091"
36033,"8,017","48,943"
36035,"8,533","50,061"
36037,"5,825","62,570"
36039,"5,589","54,746"
36041,433,"60,148"
36043,"8,235","55,778"
36045,"15,168","53,829"
36047,"446,923","66,501"
36049,"3,208","56,599"
36051,"7,916","60,268"
36053,"6,488","61,713"
36055,"90,791","62,159"
36057,"7,652","52,092"
36059,"74,435","117,767"
36061,"222,672","93,007"
36063,"25,407","56,371"
36065,"31,586","56,516"
36067,"61,412","61,597"
36069,"8,645","66,754"
36071,"46,013","83,188"
36073,"5,020","53,115"
36075,"17,530","57,640"
36077,"8,809","52,414"
36079,"5,016","105,600"
36081,"245,941","72,975"
36083,"17,506","70,688"
36085,"42,807","86,624"
36087,"40,031","99,831"
36089,"18,348","51,742"
36091,"13,482","89,071"
36093,"18,363","64,960"
36095,"3,600","58,927"
36097,"2,763","52,215"
36099,"4,302","51,064"
36101,"14,089","53,167"
36103,"97,920","105,241"
36105,"11,745","58,851"
36107,"4,485","60,699"
36109,"15,079","59,176"
36111,"20,451","64,090"
36113,"6,399","63,240"
36115,"6,917","56,897"
36117,"10,093","61,989"
36119,"79,545","101,741"
36121,"3,598","58,214"
36123,"3,271","60,612"
37000,"1,383,760","57,388"
37001,"23,890","57,963"
37003,"4,193","54,960"
37005,"1,862","41,420"
37007,"4,861","40,826"
37009,"3,946","41,542"
37011,"2,481","45,823"
37013,"8,164","49,410"
37015,"4,256","37,899"
37017,"6,876","42,260"
37019,"14,423","63,712"
37021,"31,045","55,448"
37023,"16,123","47,890"
37025,"16,932","72,071"
37027,"9,728","48,512"
37029,819,"69,610"
37031,"7,102","60,058"
37033,"3,438","51,240"
37035,"20,898","53,688"
37037,"6,400","70,258"
37039,"4,997","42,764"
37041,"2,528","47,126"
37043,"1,554","47,116"
37045,"18,230","46,012"
37047,"11,654","39,531"
37049,"13,385","53,372"
37051,"57,342","46,599"
37053,"2,419","70,699"
37055,"3,284","63,033"
37057,"25,099","53,924"
37059,"4,632","63,828"
37061,"10,288","44,929"
37063,"43,009","65,541"
37065,"10,625","40,784"
37067,"56,484","53,054"
37069,"7,908","57,371"
37071,"25,710","56,542"
37073,"1,680","54,204"
37075,"1,391","45,813"
37077,"8,313","54,300"
37079,"3,715","44,648"
37081,"83,004","55,820"
37083,"11,533","38,727"
37085,"20,597","55,619"
37087,"6,536","51,612"
37089,"12,349","61,651"
37091,"4,829","42,374"
37093,"9,149","48,420"
37095,853,"43,112"
37097,"14,812","68,308"
37099,"7,661","47,759"
37101,"25,901","62,835"
37103,"1,747","46,275"
37105,"8,634","53,114"
37107,"12,750","39,947"
37109,"7,682","70,479"
37111,"6,048","46,370"
37113,"5,093","46,279"
37115,"3,020","50,062"
37117,"4,589","39,413"
37119,"112,863","69,455"
37121,"2,180","47,675"
37123,"4,218","46,497"
37125,"11,254","63,942"
37127,"15,065","50,902"
37129,"29,519","57,252"
37131,"4,042","39,777"
37133,"22,029","50,645"
37135,"18,446","74,314"
37137,"1,899","52,522"
37139,"5,386","51,245"
37141,"7,117","60,405"
37143,"2,007","50,804"
37145,"5,998","54,553"
37147,"33,512","52,961"
37149,"2,476","53,405"
37151,"19,996","50,129"
37153,"11,234","40,518"
37155,"39,748","36,366"
37157,"16,504","44,686"
37159,"19,063","52,051"
37161,"12,158","44,547"
37163,"10,471","45,997"
37165,"9,168","39,197"
37167,"6,470","58,303"
37169,"5,844","52,356"
37171,"11,338","48,637"
37173,"2,253","46,075"
37175,"4,388","55,628"
37177,861,"37,680"
37179,"17,281","86,138"
37181,"8,143","40,450"
37183,"87,375","84,377"
37185,"4,083","37,027"
37187,"2,438","40,157"
37189,"10,793","51,630"
37191,"22,456","45,634"
37193,"10,228","45,250"
37195,"17,258","42,414"
37197,"5,189","50,929"
37199,"2,537","47,664"
38000,"77,327","67,402"
38001,232,"55,880"
38003,977,"60,689"
38005,"1,578","45,709"
38007,90,"69,528"
38009,586,"62,904"
38011,238,"65,411"
38013,185,"67,545"
38015,"6,304","73,565"
38017,"20,189","63,977"
38019,336,"63,484"
38021,494,"57,490"
38023,239,"61,506"
38025,428,"75,723"
38027,222,"54,465"
38029,434,"53,073"
38031,276,"54,917"
38033,206,"58,370"
38035,"8,769","57,388"
38037,337,"41,841"
38039,207,"56,527"
38041,290,"54,600"
38043,348,"50,570"
38045,485,"56,059"
38047,237,"51,496"
38049,685,"59,661"
38051,335,"47,349"
38053,"1,107","86,890"
38055,876,"67,453"
38057,624,"83,341"
38059,"2,416","68,051"
38061,"1,000","69,040"
38063,315,"56,098"
38065,207,"72,919"
38067,583,"59,970"
38069,434,"56,753"
38071,"1,361","60,710"
38073,438,"66,422"
38075,202,"84,986"
38077,"1,904","62,837"
38079,"3,632","45,296"
38081,290,"67,551"
38083,219,"58,725"
38085,"1,333","37,133"
38087,101,"52,695"
38089,"2,622","68,759"
38091,139,"67,661"
38093,"2,064","60,297"
38095,231,"53,024"
38097,618,"69,443"
38099,"1,221","59,153"
38101,"5,859","68,634"
38103,464,"56,167"
38105,"2,366","84,606"
39000,"1,474,285","58,704"
39001,"5,200","43,145"
39003,"12,452","58,271"
39005,"6,407","52,554"
39007,"17,508","47,388"
39009,"14,839","43,621"
39011,"3,297","64,227"
39013,"7,355","50,166"
39015,"5,162","58,441"
39017,"43,439","68,611"
39019,"2,992","56,999"
39021,"2,941","62,077"
39023,"18,960","50,832"
39025,"16,710","68,724"
39027,"6,041","52,870"
39029,"12,955","52,693"
39031,"4,517","49,679"
39033,"6,000","49,484"
39035,"195,758","52,503"
39037,"6,115","56,824"
39039,"3,264","60,918"
39041,"9,863","110,252"
39043,"8,414","60,790"
39045,"12,549","71,782"
39047,"3,777","51,023"
39049,"172,890","64,648"
39051,"2,889","64,334"
39053,"4,790","48,094"
39055,"5,083","79,865"
39057,"15,932","69,709"
39059,"5,946","48,283"
39061,"116,077","60,251"
39063,"6,877","62,720"
39065,"4,078","51,155"
39067,"2,133","50,137"
39069,"2,000","61,351"
39071,"6,643","47,126"
39073,"4,177","51,016"
39075,"3,952","62,596"
39077,"5,719","56,704"
39079,"5,491","50,671"
39081,"10,733","47,652"
39083,"6,664","59,957"
39085,"18,914","65,040"
39087,"9,482","46,433"
39089,"16,038","66,321"
39091,"4,751","60,624"
39093,"41,735","59,201"
39095,"75,402","49,924"
39097,"3,808","65,696"
39099,"40,346","48,018"
39101,"8,736","51,479"
39103,"9,739","78,540"
39105,"3,570","43,754"
39107,"2,710","67,075"
39109,"9,324","63,524"
39111,"1,881","48,231"
39113,"78,917","54,704"
39115,"2,236","46,883"
39117,"2,967","59,498"
39119,"12,866","52,105"
39121,"1,657","50,788"
39123,"3,215","63,352"
39125,"1,816","58,100"
39127,"5,333","51,875"
39129,"6,177","63,931"
39131,"5,191","46,255"
39133,"18,371","57,439"
39135,"3,602","62,128"
39137,"2,397","73,454"
39139,"15,313","51,883"
39141,"10,803","54,728"
39143,"5,489","58,415"
39145,"15,739","45,410"
39147,"6,338","55,664"
39149,"4,374","64,304"
39151,"46,938","55,623"
39153,"75,226","57,753"
39155,"29,809","47,966"
39157,"10,162","54,150"
39159,"3,033","91,597"
39161,"2,359","55,361"
39163,"2,417","46,301"
39165,"10,308","91,645"
39167,"6,395","52,565"
39169,"11,062","58,747"
39171,"3,324","54,239"
39173,"13,819","64,723"
39175,"1,609","61,733"
40000,"578,631","54,447"
40001,"5,192","39,589"
40003,735,"57,497"
40005,"2,493","41,872"
40007,557,"55,397"
40009,"4,131","50,512"
40011,"1,387","50,574"
40013,"8,070","44,074"
40015,"5,502","45,755"
40017,"11,747","75,111"
40019,"6,760","51,895"
40021,"10,049","45,544"
40023,"3,247","37,131"
40025,379,"47,602"
40027,"31,942","64,706"
40029,978,"41,273"
40031,"19,406","51,184"
40033,"1,042","46,450"
40035,"2,434","42,978"
40037,"9,655","54,737"
40039,"4,327","51,803"
40041,"7,437","44,602"
40043,553,"56,316"
40045,494,"54,013"
40047,"7,520","58,381"
40049,"4,267","46,786"
40051,"6,604","63,647"
40053,474,"60,303"
40055,"1,102","38,641"
40057,604,"37,988"
40059,403,"40,265"
40061,"2,525","41,643"
40063,"2,511","37,631"
40065,"4,113","48,430"
40067,"1,218","39,785"
40069,"2,261","41,805"
40071,"6,812","48,522"
40073,"1,389","68,839"
40075,"1,864","39,788"
40077,"1,753","42,014"
40079,"9,848","42,378"
40081,"4,799","51,012"
40083,"5,729","66,625"
40085,"1,356","51,481"
40087,"2,869","75,009"
40089,"7,079","40,803"
40091,"3,801","40,614"
40093,"1,005","59,690"
40095,"3,030","45,005"
40097,"7,166","49,293"
40099,"2,049","50,965"
40101,"14,622","43,392"
40103,"1,346","56,307"
40105,"1,484","47,456"
40107,"3,010","39,265"
40109,"116,741","56,272"
40111,"6,916","41,725"
40113,"6,758","50,667"
40115,"5,569","41,530"
40117,"2,449","47,646"
40119,"16,969","43,025"
40121,"8,136","47,215"
40123,"5,087","49,510"
40125,"10,272","52,747"
40127,"2,613","37,718"
40129,478,"59,286"
40131,"9,458","67,054"
40133,"5,192","40,725"
40135,"8,864","43,038"
40137,"6,272","47,826"
40139,"2,844","56,014"
40141,"1,420","41,251"
40143,"91,457","57,668"
40145,"6,639","65,191"
40147,"6,540","62,515"
40149,"1,343","50,823"
40151,"1,179","40,684"
40153,"2,306","73,253"
41000,"474,302","66,955"
41001,"2,139","48,530"
41003,"14,418","69,148"
41005,"29,818","80,539"
41007,"4,779","59,339"
41009,"4,444","72,285"
41011,"9,867","49,504"
41013,"2,627","58,739"
41015,"3,054","51,267"
41017,"18,047","71,880"
41019,"12,949","48,940"
41021,204,"61,205"
41023,"1,088","49,792"
41025,"1,031","39,874"
41027,"1,943","68,835"
41029,"29,613","56,367"
41031,"3,546","52,543"
41033,"13,663","47,533"
41035,"11,225","53,030"
41037,"1,259","47,867"
41039,"52,146","57,212"
41041,"7,208","52,276"
41043,"16,161","61,084"
41045,"5,732","42,019"
41047,"41,154","64,058"
41049,"1,465","59,781"
41051,"95,902","72,469"
41053,"7,949","69,757"
41055,222,"60,035"
41057,"3,182","52,298"
41059,"10,260","58,286"
41061,"3,513","54,264"
41063,875,"52,106"
41065,"3,174","56,993"
41067,"48,575","85,665"
41069,231,"42,747"
41071,"10,838","71,815"
42000,"1,481,193","63,455"
42001,"7,548","67,706"
42003,"127,238","64,799"
42005,"7,076","56,259"
42007,"18,879","60,323"
42009,"4,928","54,251"
42011,"41,916","67,418"
42013,"17,657","51,004"
42015,"8,527","51,356"
42017,"35,075","93,587"
42019,"14,280","72,576"
42021,"18,583","48,798"
42023,613,"43,704"
42025,"6,198","59,985"
42027,"22,610","61,036"
42029,"30,184","102,233"
42031,"5,162","49,173"
42033,"10,064","46,967"
42035,"4,898","50,777"
42037,"8,996","54,377"
42039,"10,129","49,741"
42041,"17,269","75,269"
42043,"30,942","60,763"
42045,"54,091","76,783"
42047,"2,902","55,462"
42049,"42,666","51,923"
42051,"21,995","48,055"
42053,"1,196","41,267"
42055,"12,313","62,699"
42057,"1,749","56,357"
42059,"4,708","56,599"
42061,"5,212","54,323"
42063,"11,048","51,299"
42065,"6,962","50,789"
42067,"2,538","57,837"
42069,"28,812","53,655"
42071,"55,968","67,515"
42073,"10,271","50,979"
42075,"14,381","61,560"
42077,"41,397","65,436"
42079,"46,326","53,439"
42081,"14,642","53,762"
42083,"5,487","53,266"
42085,"13,469","54,099"
42087,"6,036","50,571"
42089,"20,201","63,012"
42091,"48,819","92,340"
42093,"1,598","65,534"
42095,"23,228","73,780"
42097,"11,561","47,967"
42099,"4,066","65,401"
42101,"352,748","47,598"
42103,"5,054","66,595"
42105,"1,904","49,054"
42107,"15,767","55,951"
42109,"3,881","56,873"
42111,"8,552","49,082"
42113,762,"51,718"
42115,"4,507","60,235"
42117,"5,254","51,324"
42119,"4,334","61,306"
42121,"6,213","53,619"
42123,"5,153","52,592"
42125,"19,860","65,558"
42127,"5,867","56,265"
42129,"35,870","59,407"
42131,"2,573","60,419"
42133,"40,477","69,101"
44000,"118,095","70,383"
44001,"3,110","87,926"
44003,"13,152","74,230"
44005,"6,666","80,862"
44007,"85,644","62,165"
44009,"9,524","86,450"
45000,"695,259","56,360"
45001,"3,508","46,499"
45003,"21,071","56,824"
45005,"2,313","32,147"
45007,"25,717","54,496"
45009,"3,226","35,364"
45011,"5,115","36,675"
45013,"18,979","73,890"
45015,"23,953","68,690"
45017,"2,613","47,090"
45019,"46,853","70,980"
45021,"8,951","46,905"
45023,"5,651","45,400"
45025,"8,937","42,441"
45027,"8,053","39,900"
45029,"7,823","40,808"
45031,"12,767","44,007"
45033,"8,022","35,483"
45035,"14,871","68,051"
45037,"3,839","52,591"
45039,"4,198","42,496"
45041,"22,950","49,770"
45043,"10,842","53,747"
45045,"54,815","64,399"
45047,"12,277","43,958"
45049,"4,136","37,560"
45051,"44,197","53,648"
45053,"4,941","50,790"
45055,"9,088","56,318"
45057,"11,258","63,842"
45059,"12,447","47,038"
45061,"3,890","37,710"
45063,"35,210","62,059"
45065,"1,533","48,645"
45067,"7,562","35,138"
45069,"6,750","34,532"
45071,"5,198","50,773"
45073,"10,268","52,240"
45075,"21,821","38,736"
45077,"18,055","52,949"
45079,"62,567","52,905"
45081,"3,247","49,493"
45083,"40,129","55,588"
45085,"18,444","49,611"
45087,"5,347","42,851"
45089,"8,148","34,409"
45091,"23,679","68,468"
46000,"101,371","60,414"
46003,271,"56,360"
46005,"2,317","51,844"
46007,"1,051","36,345"
46009,767,"52,660"
46011,"3,767","59,036"
46013,"3,526","61,447"
46015,654,"65,008"
46017,775,"26,671"
46019,"1,326","50,105"
46021,143,"56,043"
46023,"1,873","51,340"
46025,421,"54,158"
46027,"2,264","51,039"
46029,"2,691","63,442"
46031,"1,640","32,848"
46033,834,"63,665"
46035,"2,227","57,367"
46037,698,"51,516"
46039,372,"65,217"
46041,"1,615","47,640"
46043,312,"56,030"
46045,388,"59,905"
46047,901,"49,965"
46049,329,"49,198"
46051,640,"60,057"
46053,637,"42,868"
46055,212,"50,747"
46057,531,"60,864"
46059,322,"56,239"
46061,260,"78,478"
46063,151,"55,482"
46065,"1,491","66,952"
46067,708,"59,336"
46069,145,"63,454"
46071,988,"37,879"
46073,310,"52,162"
46075,116,"52,650"
46077,409,"61,992"
46079,"1,150","63,946"
46081,"3,105","53,902"
46083,"2,312","86,235"
46085,786,"47,813"
46087,493,"62,535"
46089,428,"43,243"
46091,557,"59,103"
46093,"2,400","59,981"
46095,668,"36,489"
46097,227,"52,230"
46099,"16,209","63,162"
46101,564,"61,029"
46102,"5,653","34,078"
46103,"13,383","58,919"
46105,409,"49,999"
46107,217,"58,012"
46109,"1,993","49,088"
46111,282,"56,507"
46115,698,"54,666"
46117,238,"70,472"
46119,114,"61,791"
46121,"4,388","34,015"
46123,995,"50,503"
46125,827,"63,852"
46127,999,"83,910"
46129,796,"51,472"
46135,"2,088","60,868"
46137,"1,310","33,508"
47000,"919,850","56,047"
47001,"11,559","50,973"
47003,"6,825","50,539"
47005,"2,792","42,322"
47007,"3,366","42,730"
47009,"13,649","59,368"
47011,"15,228","52,534"
47013,"8,565","42,500"
47015,"1,875","52,960"
47017,"4,456","43,258"
47019,"10,664","39,964"
47021,"3,849","62,786"
47023,"2,374","50,769"
47025,"6,021","40,116"
47027,"1,514","36,694"
47029,"8,117","40,528"
47031,"8,000","54,931"
47033,"2,213","45,642"
47035,"7,929","49,142"
47037,"84,547","63,846"
47039,"1,827","45,215"
47041,"3,624","46,407"
47043,"5,353","59,126"
47045,"6,298","48,770"
47047,"4,527","67,345"
47049,"3,799","38,608"
47051,"5,557","54,319"
47053,"6,834","46,384"
47055,"3,834","50,847"
47057,"3,939","44,929"
47059,"10,706","44,975"
47061,"2,810","38,447"
47063,"9,165","46,842"
47065,"45,523","57,802"
47067,"1,701","31,938"
47069,"4,070","40,989"
47071,"4,413","44,510"
47073,"10,113","46,602"
47075,"3,524","38,950"
47077,"4,370","46,826"
47079,"5,795","43,159"
47081,"3,830","46,176"
47083,"1,427","40,915"
47085,"2,388","52,121"
47087,"1,977","41,749"
47089,"6,622","50,332"
47091,"4,045","40,219"
47093,"61,334","60,316"
47095,"1,705","34,059"
47097,"4,503","43,545"
47099,"7,250","43,448"
47101,"1,827","45,874"
47103,"4,343","54,558"
47105,"5,182","65,226"
47107,"7,620","49,836"
47109,"4,287","45,469"
47111,"3,733","44,334"
47113,"16,421","50,401"
47115,"4,374","47,675"
47117,"4,431","58,151"
47119,"8,059","66,434"
47121,"1,972","48,334"
47123,"7,571","50,506"
47125,"24,633","57,606"
47127,638,"61,804"
47129,"4,185","43,952"
47131,"4,317","44,061"
47133,"3,744","43,636"
47135,"1,143","42,939"
47137,881,"41,860"
47139,"2,518","45,922"
47141,"12,434","49,083"
47143,"4,953","47,599"
47145,"7,687","50,561"
47147,"7,424","65,790"
47149,"32,610","69,614"
47151,"4,770","38,750"
47153,"2,569","46,876"
47155,"12,541","54,476"
47157,"157,667","52,659"
47159,"3,042","54,570"
47161,"1,740","52,177"
47163,"23,452","51,303"
47165,"16,330","69,391"
47167,"6,316","61,436"
47169,"1,367","51,982"
47171,"2,762","44,548"
47173,"3,601","48,106"
47175,887,"44,451"
47177,"6,449","46,144"
47179,"19,811","51,879"
47181,"2,495","45,091"
47183,"5,604","42,506"
47185,"4,289","43,583"
47187,"10,228","119,637"
47189,"10,536","80,080"
48000,"3,870,944","64,044"
48001,"8,702","48,461"
48003,"1,888","74,918"
48005,"13,131","51,750"
48007,"4,313","53,085"
48009,877,"63,731"
48011,194,"64,424"
48013,"7,434","57,309"
48015,"3,312","68,311"
48017,"1,093","46,174"
48019,"2,947","59,604"
48021,"12,091","62,627"
48023,546,"41,539"
48025,"5,938","44,171"
48027,"48,565","54,831"
48029,"298,018","58,956"
48031,"1,022","68,404"
48033,69,"71,926"
48035,"2,513","55,179"
48037,"14,627","51,207"
48039,"31,116","83,704"
48041,"42,898","54,471"
48043,"1,198","48,581"
48045,232,"44,259"
48047,"2,082","31,410"
48049,"4,965","56,040"
48051,"2,506","61,745"
48053,"4,943","62,827"
48055,"6,044","55,301"
48057,"3,088","55,909"
48059,"1,675","50,812"
48061,"106,976","40,893"
48063,"2,151","47,091"
48065,504,"69,760"
48067,"5,103","44,529"
48069,"1,138","51,736"
48071,"3,761","93,351"
48073,"8,221","46,576"
48075,"1,217","44,095"
48077,"1,191","59,983"
48079,545,"43,742"
48081,437,"48,435"
48083,"1,429","44,834"
48085,"62,612","96,847"
48087,566,"40,314"
48089,"2,867","55,607"
48091,"10,407","87,976"
48093,"1,818","54,122"
48095,404,"43,321"
48097,"5,155","61,186"
48099,"7,529","53,083"
48101,264,"40,449"
48103,451,"68,626"
48105,476,"54,165"
48107,"1,247","38,871"
48109,424,"44,462"
48111,821,"55,793"
48113,"363,567","61,807"
48115,"2,338","48,165"
48117,"3,104","46,178"
48119,844,"51,348"
48121,"56,476","90,910"
48123,"3,135","52,544"
48125,366,"41,973"
48127,"2,537","40,315"
48129,500,"41,093"
48131,"2,515","37,100"
48133,"2,926","46,991"
48135,"19,781","65,564"
48137,399,"40,424"
48139,"15,932","78,341"
48141,"154,504","48,629"
48143,"5,937","53,044"
48145,"3,314","41,484"
48147,"4,287","56,123"
48149,"2,710","62,195"
48151,508,"51,053"
48153,979,"45,022"
48155,190,"38,615"
48157,"53,151","101,361"
48159,"1,528","50,630"
48161,"2,801","52,511"
48163,"4,664","40,360"
48165,"2,820","67,171"
48167,"38,181","73,214"
48169,"1,067","48,975"
48171,"2,271","62,143"
48173,111,"93,759"
48175,"1,011","56,758"
48177,"3,325","48,425"
48179,"2,888","52,543"
48181,"15,459","57,439"
48183,"19,832","53,137"
48185,"4,119","51,651"
48187,"12,234","78,801"
48189,"5,483","49,187"
48191,739,"35,940"
48193,"1,185","52,505"
48195,622,"58,703"
48197,750,"40,057"
48199,"6,924","62,616"
48201,"701,075","61,638"
48203,"11,600","55,171"
48205,383,"72,796"
48207,"1,061","38,613"
48209,"24,895","72,890"
48211,344,"71,299"
48213,"14,246","49,896"
48215,"231,032","41,656"
48217,"4,700","53,210"
48219,"3,436","51,149"
48221,"5,581","74,534"
48223,"5,370","50,332"
48225,"4,230","43,601"
48227,"5,281","61,112"
48229,"1,343","39,309"
48231,"14,114","57,513"
48233,"2,351","57,936"
48235,114,"68,630"
48237,"1,212","55,358"
48239,"1,996","55,800"
48241,"6,747","47,252"
48243,278,"53,362"
48245,"39,998","55,173"
48247,"1,181","38,788"
48249,"8,385","44,444"
48251,"19,035","66,538"
48253,"3,032","51,094"
48255,"2,644","54,843"
48257,"13,108","75,009"
48259,"3,468","94,899"
48261,57,"46,132"
48263,81,"52,591"
48265,"6,310","57,789"
48267,730,"44,757"
48269,30,"71,256"
48271,629,"47,076"
48273,"6,804","47,169"
48275,679,"40,808"
48277,"9,050","47,061"
48279,"2,346","42,719"
48281,"2,627","58,817"
48283,"1,561","41,683"
48285,"2,163","52,632"
48287,"1,791","59,250"
48289,"2,494","50,522"
48291,"11,967","53,274"
48293,"4,190","43,644"
48295,395,"65,388"
48297,"1,825","54,163"
48299,"2,338","55,617"
48301,12,"88,487"
48303,"53,478","54,733"
48305,944,"45,737"
48307,"1,379","43,262"
48309,"44,574","51,078"
48311,77,"68,349"
48313,"2,090","46,274"
48315,"2,070","37,876"
48317,695,"68,745"
48319,500,"54,914"
48321,"6,335","49,276"
48323,"15,491","40,017"
48325,"5,997","60,695"
48327,435,"38,425"
48329,"17,401","85,811"
48331,"3,965","48,989"
48333,623,"46,876"
48335,"1,303","44,457"
48337,"2,517","53,649"
48339,"53,807","88,833"
48341,"2,463","55,099"
48343,"2,220","43,304"
48345,210,"40,217"
48347,"12,571","46,207"
48349,"6,586","48,649"
48351,"2,933","45,890"
48353,"2,496","46,389"
48355,"58,465","56,079"
48357,"1,115","62,567"
48359,245,"59,404"
48361,"10,307","62,976"
48363,"4,960","50,159"
48365,"3,266","56,882"
48367,"11,524","82,501"
48369,"1,123","50,607"
48371,"2,562","52,763"
48373,"7,839","50,416"
48375,"22,514","41,138"
48377,"1,286","33,499"
48379,"1,667","65,657"
48381,"12,178","70,694"
48383,340,"67,384"
48385,597,"40,834"
48387,"2,322","41,325"
48389,"2,833","48,990"
48391,"1,224","46,883"
48393,63,"70,705"
48395,"3,499","47,016"
48397,"4,991","105,763"
48399,"1,729","48,650"
48401,"7,426","56,036"
48403,"1,834","43,778"
48405,"1,799","40,094"
48407,"4,809","42,633"
48409,"9,507","57,302"
48411,"1,104","46,061"
48413,417,"53,286"
48415,"2,217","56,299"
48417,413,"65,095"
48419,"5,346","39,708"
48421,331,"55,473"
48423,"29,285","59,538"
48425,842,"67,897"
48427,"20,741","32,516"
48429,"1,477","46,658"
48431,134,"66,790"
48433,199,"48,267"
48435,494,"63,427"
48437,"1,393","44,388"
48439,"211,454","70,130"
48441,"18,724","54,465"
48443,136,"45,677"
48445,"2,438","42,953"
48447,209,"42,746"
48449,"5,246","49,924"
48451,"14,713","54,774"
48453,"134,983","80,690"
48455,"2,597","43,788"
48457,"3,380","48,254"
48459,"6,124","53,078"
48461,495,"58,908"
48463,"5,174","44,690"
48465,"9,786","45,034"
48467,"7,586","55,554"
48469,"12,924","57,344"
48471,"11,810","47,519"
48473,"6,687","61,822"
48475,"1,462","61,396"
48477,"3,534","59,039"
48479,"57,053","52,576"
48481,"6,711","49,901"
48483,579,"58,544"
48485,"16,584","51,535"
48487,"1,841","42,570"
48489,"5,482","35,821"
48491,"31,514","92,661"
48493,"4,172","76,905"
48495,983,"64,894"
48497,"5,745","70,468"
48499,"6,231","56,945"
48501,916,"62,636"
48503,"2,405","52,643"
48505,"4,243","36,069"
48507,"3,374","32,538"
49000,"279,435","75,705"
49001,589,"58,309"
49003,"4,147","69,380"
49005,"16,243","63,180"
49007,"3,255","52,110"
49009,64,"63,433"
49011,"19,344","87,610"
49013,"2,787","59,437"
49015,"1,084","61,893"
49017,460,"54,625"
49019,"1,174","53,535"
49021,"7,013","58,307"
49023,"1,070","66,056"
49025,717,"55,887"
49027,"1,542","59,069"
49029,486,"101,943"
49031,227,"42,196"
49033,230,"64,583"
49035,"103,036","79,941"
49037,"3,295","49,438"
49039,"3,699","54,648"
49041,"2,590","58,983"
49043,"1,968","112,482"
49045,"3,829","80,196"
49047,"3,920","62,541"
49049,"60,411","79,505"
49051,"1,699","92,136"
49053,"16,590","64,388"
49055,319,"50,555"
49057,"17,647","71,835"
50000,"60,624","63,293"
50001,"2,690","73,574"
50003,"3,399","56,948"
50005,"3,561","50,942"
50007,"16,084","76,483"
50009,908,"45,796"
50011,"4,699","65,056"
50013,581,"68,364"
50015,"2,231","60,555"
50017,"2,652","59,758"
50019,"3,333","48,826"
50021,"6,033","51,903"
50023,"4,673","65,879"
50025,"4,776","52,068"
50027,"5,005","61,843"
51000,"822,944","76,471"
51001,"5,225","47,335"
51003,"6,882","86,332"
51005,"1,680","53,341"
51007,"1,211","60,096"
51009,"3,645","56,218"
51011,"1,991","54,609"
51013,"17,774","118,986"
51015,"5,260","63,621"
51017,406,"54,385"
51019,"6,766","66,591"
51021,749,"49,023"
51023,"1,895","74,178"
51025,"2,935","43,835"
51027,"4,332","36,881"
51029,"2,516","47,202"
51031,"5,845","48,984"
51033,"2,883","64,647"
51035,"4,110","45,698"
51036,870,"56,465"
51037,"2,257","43,001"
51041,"22,943","81,641"
51043,911,"85,567"
51045,572,"53,319"
51047,"4,709","79,739"
51049,"1,371","52,005"
51051,"3,330","37,161"
51053,"2,982","58,474"
51057,"1,747","53,538"
51059,"68,543","127,898"
51061,"4,310","103,827"
51063,"1,783","52,277"
51065,"1,883","75,089"
51067,"6,315","61,878"
51069,"5,731","83,672"
51071,"1,890","53,111"
51073,"3,194","71,715"
51075,"1,420","100,444"
51077,"2,719","41,312"
51079,"1,482","73,345"
51081,"1,929","47,315"
51083,"5,655","42,619"
51085,"5,393","90,824"
51087,"28,486","68,975"
51089,"7,277","41,908"
51091,271,"45,917"
51093,"3,351","78,749"
51095,"4,366","92,773"
51097,820,"54,185"
51099,"1,553","85,657"
51101,"1,179","73,035"
51103,"1,383","55,072"
51105,"5,939","35,878"
51107,"12,909","151,806"
51109,"3,559","64,135"
51111,"2,140","44,860"
51113,"1,224","66,397"
51115,766,"69,112"
51117,"5,137","43,128"
51119,"1,411","58,834"
51121,"18,158","58,740"
51125,"1,748","55,804"
51127,"1,131","102,619"
51131,"2,077","45,235"
51133,"1,533","60,385"
51135,"2,789","45,913"
51137,"3,534","71,691"
51139,"2,668","52,877"
51141,"2,674","43,568"
51143,"8,960","51,682"
51145,"1,547","94,293"
51147,"3,852","44,586"
51149,"2,842","74,518"
51153,"28,463","106,208"
51155,"4,796","54,086"
51157,622,"79,086"
51159,"1,303","49,758"
51161,"5,918","71,742"
51163,"2,525","58,501"
51165,"6,482","67,242"
51167,"5,272","40,345"
51169,"3,069","41,288"
51171,"4,421","59,087"
51173,"4,849","41,964"
51175,"2,132","62,327"
51177,"8,903","90,262"
51179,"8,097","109,090"
51181,761,"59,069"
51183,"1,851","45,134"
51185,"8,417","43,619"
51187,"3,803","69,878"
51191,"6,396","52,387"
51193,"2,843","54,885"
51195,"7,039","42,372"
51197,"3,645","48,543"
51199,"3,441","91,535"
51510,"13,593","102,589"
51520,"3,604","37,678"
51530,"1,024","44,752"
51540,"9,965","58,717"
51550,"19,812","77,361"
51570,"1,613","57,688"
51580,785,"41,842"
51590,"9,023","36,073"
51595,"1,044","38,631"
51600,"1,667","106,430"
51610,512,"137,849"
51620,"1,507","45,433"
51630,"4,463","62,121"
51640,"1,151","37,229"
51650,"17,926","55,816"
51660,"11,299","48,189"
51670,"4,287","38,293"
51678,"1,073","54,204"
51680,"11,947","50,612"
51683,"3,031","84,405"
51685,"1,095","83,145"
51690,"2,377","37,814"
51700,"25,769","53,022"
51710,"39,553","52,437"
51720,756,"38,062"
51730,"6,643","40,240"
51735,645,"98,217"
51740,"16,860","50,411"
51750,"4,503","41,530"
51760,"42,010","50,949"
51770,"19,049","45,534"
51775,"2,197","54,888"
51790,"2,706","54,296"
51800,"8,906","77,847"
51810,"31,898","78,491"
51820,"2,746","44,619"
51830,"1,937","56,569"
51840,"3,588","60,254"
53000,"731,216","78,674"
53001,"3,309","53,535"
53003,"3,092","54,776"
53005,"21,437","72,847"
53007,"9,332","59,838"
53009,"8,476","57,571"
53011,"44,548","80,407"
53013,484,"56,338"
53015,"13,729","57,316"
53017,"4,724","63,086"
53019,"1,354","47,463"
53021,"12,409","63,575"
53023,283,"54,555"
53025,"13,377","57,152"
53027,"9,422","59,346"
53029,"6,037","72,173"
53031,"3,993","60,556"
53033,"171,116","102,338"
53035,"19,787","79,268"
53037,"6,326","59,172"
53039,"3,013","60,567"
53041,"9,726","58,525"
53043,981,"60,849"
53045,"8,143","63,689"
53047,"6,828","44,777"
53049,"2,996","50,521"
53051,"2,191","51,950"
53053,"83,128","78,779"
53055,"1,414","69,113"
53057,"14,314","67,551"
53059,"1,246","69,163"
53061,"56,935","89,119"
53063,"65,750","59,976"
53065,"6,738","55,000"
53067,"26,105","77,890"
53069,477,"61,123"
53071,"7,099","60,202"
53073,"28,310","68,656"
53075,"11,367","45,906"
53077,"41,218","55,674"
54000,"281,175","48,659"
54001,"2,848","39,710"
54003,"12,942","63,012"
54005,"4,017","43,697"
54007,"2,477","39,651"
54009,"2,551","50,900"
54011,"16,337","42,125"
54013,"1,524","37,307"
54015,"1,891","41,923"
54017,"1,376","50,642"
54019,"8,321","41,430"
54021,"1,536","40,373"
54023,"1,497","47,400"
54025,"5,814","43,564"
54027,"3,311","54,811"
54029,"3,559","51,017"
54031,"1,929","46,658"
54033,"7,353","53,909"
54035,"4,716","50,808"
54037,"5,529","75,225"
54039,"28,499","48,334"
54041,"3,039","46,895"
54043,"3,990","43,198"
54045,"6,827","38,533"
54047,"5,894","29,106"
54049,"7,939","51,300"
54051,"4,081","53,145"
54053,"3,994","47,753"
54055,"10,768","41,794"
54057,"3,266","49,704"
54059,"6,329","34,698"
54061,"18,887","55,652"
54063,"2,070","44,655"
54065,"1,851","50,660"
54067,"4,558","40,023"
54069,"5,504","50,390"
54071,927,"43,451"
54073,875,"54,972"
54075,"1,270","39,454"
54077,"4,491","50,821"
54079,"4,962","66,991"
54081,"12,090","45,386"
54083,"4,403","46,285"
54085,"1,674","46,131"
54087,"2,628","41,671"
54089,"2,724","37,000"
54091,"2,690","48,294"
54093,"1,014","47,222"
54095,"1,302","48,345"
54097,"3,994","45,074"
54099,"7,654","42,095"
54101,"1,744","34,385"
54103,"2,432","46,824"
54105,"1,015","48,627"
54107,"11,627","49,209"
54109,"4,634","42,761"
55000,"591,404","64,177"
55001,"2,231","53,156"
55003,"2,655","47,202"
55005,"3,968","54,372"
55007,"1,533","58,065"
55009,"25,456","65,494"
55011,"1,227","58,407"
55013,"1,926","51,519"
55015,"2,701","80,354"
55017,"5,460","60,713"
55019,"4,605","54,296"
55021,"3,776","69,219"
55023,"1,789","51,919"
55025,"50,163","77,828"
55027,"6,512","61,730"
55029,"2,549","64,217"
55031,"4,810","55,651"
55033,"4,911","61,506"
55035,"10,586","64,972"
55037,463,"58,270"
55039,"7,326","65,905"
55041,"1,443","48,964"
55043,"6,278","56,418"
55045,"2,350","64,319"
55047,"2,181","59,458"
55049,"2,240","67,390"
55051,709,"48,813"
55053,"2,385","57,247"
55055,"5,824","71,098"
55057,"3,391","55,787"
55059,"16,248","66,460"
55061,"1,496","65,879"
55063,"13,280","59,758"
55065,"1,868","59,128"
55067,"2,441","49,597"
55069,"2,455","60,728"
55071,"6,899","61,326"
55073,"11,026","66,092"
55075,"4,548","54,404"
55077,"1,535","56,790"
55078,"1,139","40,300"
55079,"156,647","53,505"
55081,"4,936","60,296"
55083,"3,506","66,401"
55085,"3,117","62,765"
55087,"13,110","66,994"
55089,"3,926","90,446"
55091,643,"62,675"
55093,"3,900","75,368"
55095,"3,723","63,910"
55097,"7,995","58,248"
55099,"1,959","48,761"
55101,"23,688","61,691"
55103,"2,115","51,295"
55105,"19,755","61,624"
55107,"1,714","49,860"
55109,"5,285","87,098"
55111,"6,471","63,752"
55113,"2,063","53,908"
55115,"3,851","58,982"
55117,"9,051","62,108"
55119,"1,942","52,419"
55121,"2,598","61,687"
55123,"4,297","56,272"
55125,"2,460","55,576"
55127,"9,532","64,682"
55129,"1,990","52,735"
55131,"6,942","81,928"
55133,"18,915","91,070"
55135,"4,329","61,773"
55137,"2,863","55,476"
55139,"15,965","59,643"
55141,"7,734","57,325"
56000,"55,776","66,152"
56001,"5,861","52,216"
56003,"1,400","53,018"
56005,"3,506","83,997"
56007,"1,638","61,626"
56009,"1,256","72,481"
56011,604,"64,120"
56013,"4,937","57,953"
56015,"1,557","55,540"
56017,472,"52,344"
56019,751,"57,224"
56021,"9,194","69,613"
56023,"1,381","71,269"
56025,"7,735","66,104"
56027,316,"48,513"
56029,"2,936","59,494"
56031,949,"57,425"
56033,"2,500","64,030"
56035,701,"78,055"
56037,"3,453","80,639"
56039,"1,396","98,837"
56041,"1,699","70,756"
56043,845,"55,122"
56045,692,"59,410"